"PROBEID","t","p","padj","SYMBOL"
"219773_at",16.0984702071306,1.62201694896793e-26,1.06579740294845e-25,"NOX4"
"244741_s_at",16.0667883236431,3.56340186126227e-27,2.5140867509643e-26,"ZNF667-AS1"
"230741_at",16.0008347138642,9.9362483245561e-27,6.701496116694e-26,"P2RX7"
"244050_at",15.9805115302881,2.06126936585998e-32,2.50460587232669e-31,"HACD4"
"218718_at",15.8944526415389,1.88908209892738e-32,2.31374775476626e-31,"PDGFC"
"226069_at",15.8726582738303,3.18686466880022e-25,1.85078219172096e-24,"PRICKLE1"
"206026_s_at",15.6776644179379,1.30096878360775e-31,1.50892667250263e-30,"TNFAIP6"
"202555_s_at",15.6503961391636,3.89151452406679e-28,2.96413369967475e-27,"MYLK"
"217428_s_at",15.647919823038,2.18345720557716e-28,1.72313040295806e-27,"COL10A1"
"209596_at",15.624490194125,2.20601155953452e-31,2.50178051677581e-30,"MXRA5"
"1555778_a_at",15.6241174080988,1.97943706398541e-31,2.27858507139974e-30,"POSTN"
"226676_at",15.5034438235096,1.1862770107153e-30,1.25254489890008e-29,"ZNF521"
"205786_s_at",15.479866774385,2.54319791606326e-27,1.81099349278737e-26,"ITGAM"
"229554_at",15.4705774415409,1.21523770918193e-29,1.12080056190213e-28,"LUM"
"226311_at",15.4644883784606,2.5232923714497e-31,2.84055927991874e-30,"ADAMTS2"
"206101_at",15.4444807931517,1.29573932760313e-25,8.03148546785582e-25,"ECM2"
"203305_at",15.4377948061491,5.81219102595577e-28,4.34071437109184e-27,"F13A1"
"204955_at",15.4000159331087,2.14088721747009e-28,1.69828929012783e-27,"SRPX"
"211564_s_at",15.3816627524159,2.39906250958038e-28,1.88357164213721e-27,"PDLIM4"
"228423_at",15.3660742715501,5.62856200519715e-26,3.56087951651109e-25,"MAP9"
"204688_at",15.3651290410385,5.86495567346401e-31,6.3682603801939e-30,"SGCE"
"212489_at",15.3399465317238,4.28704205844224e-31,4.68818670819648e-30,"COL5A1"
"209687_at",15.2276280489548,1.16507469625492e-29,1.08104809694926e-28,"CXCL12"
"227236_at",15.1903474262477,7.19258793806455e-29,5.95235250441991e-28,"TSPAN2"
"226225_at",15.1656997824633,4.28023050118359e-28,3.22809502330644e-27,"MCC"
"209708_at",15.1483462795313,2.51654501537851e-27,1.80038804604883e-26,"MOXD1"
"218468_s_at",15.1279782240124,1.01118252930555e-29,9.55629908868397e-29,"GREM1"
"205802_at",15.113206170062,6.31683235611181e-26,3.96355341688819e-25,"TRPC1"
"204438_at",15.1104999408829,8.60333545290621e-30,8.28409218767258e-29,"MRC1"
"225688_s_at",15.106256147592,4.72609461702295e-30,4.77704967901398e-29,"PHLDB2"
"235944_at",15.1023964352795,2.58271966666066e-25,1.5326138797122e-24,"HMCN1"
"206584_at",15.089744012943,1.73762494471783e-30,1.82212588381027e-29,"LY96"
"228532_at",15.0837332495418,1.41330920576866e-26,9.40772345231225e-26,"C1orf162"
"205407_at",15.0779540718925,1.52161937810021e-26,1.00848453154607e-25,"RECK"
"213068_at",15.0771298332257,1.75154143717524e-24,9.75130887387378e-24,"DPT"
"238447_at",15.05380117317,2.85489361869349e-29,2.51197823575846e-28,"RBMS3"
"216598_s_at",15.0223316114775,2.43755047124427e-29,2.15716171761559e-28,"CCL2"
"216950_s_at",14.9745823379747,5.59390656622581e-27,3.8928504331326e-26,"FCGR1A|FCGR1B|FCGR1CP"
"215446_s_at",14.9620955575,4.205530459872e-29,3.59702074528717e-28,"LOX"
"204959_at",14.9447863572018,5.97788722123589e-29,4.97399203027834e-28,"MNDA"
"227140_at",14.9034652646839,1.62608476005732e-29,1.47309808736554e-28,"INHBA"
"204527_at",14.9013511528596,2.92147425875126e-26,1.8872477173621e-25,"MYO5A"
"222043_at",14.8891971350606,4.54344082435138e-24,2.43217059513356e-23,"CLU"
"238455_at",14.8832209916728,2.13588121006442e-29,1.91230066234423e-28,"PLXDC2"
"209955_s_at",14.7813168583772,1.05152518549299e-29,9.87659545392497e-29,"FAP"
"203570_at",14.752482556341,5.5387559877775e-29,4.65925022927877e-28,"LOXL1"
"209758_s_at",14.7444112672148,2.68609949696276e-24,1.47928716901079e-23,"MFAP5"
"226695_at",14.6519054789862,1.88589212182501e-29,1.69841225794947e-28,"PRRX1"
"235489_at",14.5580298162238,1.31486002378712e-25,8.11713990491161e-25,"RHOJ"
"205330_at",14.5332574284901,1.21184121973571e-26,8.13740748866392e-26,"MN1"
"203951_at",14.5269037837881,2.98501463192661e-23,1.51326404022504e-22,"CNN1"
"227727_at",14.4435769795864,4.91187012351873e-24,2.62023455021156e-23,"MRGPRF"
"229218_at",14.4373120788518,1.90191257144131e-28,1.51657715983159e-27,"COL1A2"
"204284_at",14.4214267540848,3.38552842583687e-23,1.70501448024877e-22,"PPP1R3C"
"205700_at",14.4109174986723,2.02089431368309e-24,1.11696360803206e-23,"HSD17B6"
"213933_at",14.3931132006827,8.52249415542141e-24,4.43807433739802e-23,"PTGER3"
"203766_s_at",14.3702021097383,9.98905694660738e-23,4.7642511480548e-22,"LMOD1"
"235371_at",14.3574567818312,3.6408239857955e-28,2.78705076112646e-27,"GXYLT2"
"228224_at",14.3142932943786,2.05983196098474e-22,9.55637191596255e-22,"PRELP"
"229459_at",14.2983653182871,4.41610642647398e-24,2.37230138208129e-23,"TAFA5"
"226997_at",14.2863678516659,2.28973899562174e-27,1.65358037844193e-26,"ADAMTS12"
"219386_s_at",14.240961460423,1.52191790647379e-25,9.28309288769474e-25,"SLAMF8"
"220979_s_at",14.2196959551356,7.43355670813969e-23,3.59014994326873e-22,"ST6GALNAC5"
"225045_at",14.2008470290441,2.08610592467538e-25,1.25741266562126e-24,"CCDC88A"
"207426_s_at",14.1675949914799,7.93303048984367e-25,4.51504449068798e-24,"TNFSF4"
"202207_at",14.147733006493,3.14812872890225e-28,2.44659141317226e-27,"ARL4C"
"223475_at",14.1202362459678,3.19142063105377e-25,1.85078219172096e-24,"CRISPLD1"
"201348_at",14.1082792639909,6.5476726216172e-27,4.51553458725042e-26,"GPX3"
"218820_at",14.098063780001,5.26210562889639e-23,2.62419665076234e-22,"C14orf132"
"221667_s_at",14.0507142446761,1.29549699507239e-21,5.71586714540584e-21,"HSPB8"
"218854_at",14.045216542888,6.76581915327513e-28,5.004091364089e-27,"DSE"
"213139_at",13.9841685331206,7.2940713764895e-27,4.98536753455599e-26,"SNAI2"
"214770_at",13.9691865826532,5.53923750389585e-23,2.75343266833264e-22,"MSR1"
"219607_s_at",13.9588850036454,1.41621003878988e-27,1.0324845568511e-26,"MS4A4A"
"204787_at",13.9369839804229,1.41270823807491e-24,7.89363617698063e-24,"VSIG4"
"215440_s_at",13.9316193444372,9.55225530731038e-27,6.47101897145672e-26,"BEX4"
"37892_at",13.8759955292254,7.04971242245386e-26,4.40535090562321e-25,"COL11A1"
"223343_at",13.7904124189961,2.7619339383506e-27,1.95764854611795e-26,"MS4A7"
"204797_s_at",13.7864907031177,4.09860271031182e-23,2.0573641801598e-22,"EML1"
"218651_s_at",13.6591400515528,2.00170961223538e-26,1.30409251758824e-25,"LARP6"
"238617_at",13.6549927663773,1.0593153450411e-24,5.98454536257534e-24,"KIF26B"
"205422_s_at",13.6476855960396,1.73788949970073e-21,7.58036702006214e-21,"ITGBL1"
"221900_at",13.6294811481115,1.09661155825428e-22,5.19787088448081e-22,"COL8A2"
"204671_s_at",13.6286650199099,3.94668729363811e-24,2.13511598818373e-23,"ANKRD6"
"204006_s_at",13.6072832086753,2.25580999584671e-25,1.34908011860989e-24,"FCGR3A|FCGR3B"
"1554899_s_at",13.5961374204777,4.11784138829486e-26,2.64891393507539e-25,"FCER1G"
"224663_s_at",13.5520495100006,1.5434153018322e-23,7.92942559431241e-23,"CFL2"
"212956_at",13.5499805893827,1.55445662974727e-26,1.02580737075132e-25,"TBC1D9"
"209047_at",13.5333108281483,2.29723543673132e-25,1.36850873682321e-24,"AQP1"
"209949_at",13.5058844625576,1.92711932537725e-25,1.16617378938837e-24,"NCF2"
"227758_at",13.4889773439225,4.17987234540169e-22,1.91026404800298e-21,"RERG"
"226612_at",13.4796180261906,1.72728167191446e-22,8.08705883700625e-22,"UBE2QL1"
"203561_at",13.4763679430267,2.66469946291764e-25,1.57515632344668e-24,"FCGR2A"
"230730_at",13.4586183785424,1.04874860817935e-21,4.65401193948573e-21,"SGCD"
"202311_s_at",13.4528900961392,2.32500929431225e-26,1.50830052101358e-25,"COL1A1"
"210895_s_at",13.4042223346667,1.10011230592378e-24,6.16949428706706e-24,"CD86"
"214761_at",13.3185957692086,1.05173312346886e-24,5.96371634085489e-24,"ZNF423"
"218736_s_at",13.2549768339619,5.93345374372079e-23,2.91157618001171e-22,"PALMD"
"210889_s_at",13.241252573803,1.16795856219565e-21,5.16804785757672e-21,"FCGR2B"
"228141_at",13.2328634598739,5.85738685052313e-26,3.69039476055593e-25,"GPX8"
"227646_at",13.2056308566587,6.63539099735214e-23,3.21480494207156e-22,"EBF1"
"204646_at",13.1583541492982,8.81331659472552e-26,5.48503565305885e-25,"DPYD"
"228739_at",13.0571752838603,3.78450522402745e-21,1.61845740167208e-20,"CYS1"
"209948_at",13.0447861036002,3.32850456383729e-20,1.32706783521742e-19,"KCNMB1"
"212992_at",12.9661147290277,5.6360030394671e-25,3.21967188560602e-24,"AHNAK2"
"236738_at",12.8677234252427,1.11405138206067e-19,4.27471846098967e-19,"C3orf80"
"219892_at",12.835712046892,1.16004316192412e-20,4.80007048893467e-20,"TM6SF1"
"205713_s_at",12.8074920987427,2.19168426698121e-20,8.85347918930934e-20,"COMP"
"230550_at",12.7932153762935,9.29379541797504e-23,4.44650024528743e-22,"MS4A6A"
"206227_at",12.7689820815234,7.79960232150463e-20,3.03847103160906e-19,"CILP"
"213241_at",12.7444010707658,3.82091443931594e-24,2.0772696102046e-23,"PLXNC1"
"235044_at",12.7223433485666,1.78913878468319e-21,7.78173715724421e-21,"CYYR1"
"213943_at",12.7136034721009,1.39529046884783e-23,7.19255793874083e-23,"TWIST1"
"202920_at",12.698687158364,2.9394440668607e-20,1.18117818014796e-19,"ANK2"
"235306_at",12.6979596148767,2.10553664088918e-22,9.73890210634843e-22,"GIMAP8"
"209242_at",12.6915839562626,1.06298926612794e-19,4.08903659910018e-19,"PEG3"
"204235_s_at",12.6874085776966,3.22651369969283e-24,1.76421159793919e-23,"GULP1"
"212554_at",12.6550366737825,4.06878291752039e-22,1.86506187027656e-21,"CAP2"
"204007_at",12.6301433437362,4.16265029874877e-23,2.08268549260927e-22,"FCGR3B"
"231766_s_at",12.5924717425143,5.38179715670843e-24,2.84121774031745e-23,"COL12A1"
"229327_s_at",12.5918477371931,4.75116337171343e-21,2.0094008624567e-20,"MAF"
"228776_at",12.5643096645803,1.61208228630744e-22,7.59414763180521e-22,"GJC1"
"212865_s_at",12.5384330074196,6.02391974027364e-21,2.51984183671009e-20,"COL14A1"
"204557_s_at",12.5060732787144,5.83145586181339e-19,2.11062858733719e-18,"DZIP1"
"225895_at",12.5031235474469,5.7510456565571e-22,2.58966202946733e-21,"SYNPO2"
"204774_at",12.4827306194519,9.04192610923049e-23,4.35320404818613e-22,"EVI2A"
"204468_s_at",12.481881133726,4.6525267858102e-21,1.97861625252095e-20,"TIE1"
"221523_s_at",12.4740329995265,5.9825411636586e-23,2.92628451168093e-22,"RRAGD"
"229669_at",12.447105679974,1.54636243721725e-19,5.90394237251774e-19,"CCDC144NL-AS1|LOC339260"
"204776_at",12.4265399096142,2.92350075566268e-19,1.09693725264488e-18,"THBS4"
"218087_s_at",12.4097210848288,2.21170513317179e-21,9.59240951525782e-21,"SORBS1"
"1557961_s_at",12.4072859115991,9.46030485358695e-19,3.36830854205619e-18,"C8orf88"
"222880_at",12.3757228871895,8.95632773050802e-20,3.4626610493454e-19,"AKT3"
"209541_at",12.3598828414276,3.36707556276837e-21,1.44803165353887e-20,"IGF1"
"229800_at",12.3516451918681,3.75970323441042e-19,1.39036368402955e-18,"DCLK1"
"227565_at",12.3445217817457,5.74860889332223e-22,2.58966202946733e-21,"KLHL5"
"232090_at",12.3102816476065,7.65735174275352e-20,2.99066467299889e-19,"DNM3OS"
"1558828_s_at",12.2943672755574,2.930420224244e-19,1.09693725264488e-18,"CARMN"
"205559_s_at",12.2640441206045,6.41614843089343e-23,3.11845182466598e-22,"PCSK5"
"226682_at",12.1342032707965,3.18524278402619e-23,1.60944115588914e-22,"RORA"
"205206_at",12.0978307886725,9.26575164898923e-23,4.44650024528743e-22,"ANOS1"
"219410_at",12.0943567183578,6.03514796021471e-23,2.94261513601552e-22,"TMEM45A"
"209167_at",12.0366920136705,9.88496618769662e-19,3.50321371142674e-18,"GPM6B"
"32128_at",12.0020123098372,2.82202082830964e-21,1.22048414919267e-20,"CCL18"
"204963_at",11.9820344526859,3.86977441326443e-21,1.65031326649243e-20,"SSPN"
"236179_at",11.9759805708593,1.72239838045951e-22,8.08705883700625e-22,"CDH11"
"206953_s_at",11.9563295754908,3.52452527783717e-22,1.62531572300262e-21,"ADGRL2"
"236044_at",11.9420069024233,4.90308613993606e-19,1.78729163815288e-18,"PLPP4"
"205249_at",11.9045711056042,1.20552101849036e-20,4.9748050655222e-20,"EGR2"
"231773_at",11.8991540101481,9.16515338072583e-18,3.02410556592484e-17,"ANGPTL1"
"219228_at",11.8985180086267,1.47776611085924e-21,6.46417118778712e-21,"ZNF331"
"205729_at",11.8449168216252,2.29782103434089e-19,8.66493596939878e-19,"OSMR"
"235182_at",11.8378050246832,4.36148201256895e-19,1.59747104335958e-18,"ISM1"
"203485_at",11.8112226393501,6.9328900493639e-20,2.72860017109926e-19,"RTN1"
"238668_at",11.7610827757224,6.38203605434828e-21,2.65513510848022e-20,"NCKAP1L"
"226545_at",11.7514887028115,4.04074261867873e-22,1.85777085561475e-21,"CD109"
"210299_s_at",11.7222662942542,3.18882869986918e-19,1.190755302317e-18,"FHL1"
"212775_at",11.7097220166097,4.73544972086209e-22,2.15132745478928e-21,"OBSL1"
"226885_at",11.6665968580008,6.92197979919797e-22,3.10778623829094e-21,"RNF217"
"227688_at",11.6485960429134,6.78146634628078e-18,2.27186542147831e-17,"LRCH2"
"228335_at",11.616021535028,9.91577311564935e-19,3.50601585220766e-18,"CLDN11"
"203874_s_at",11.6046788032271,9.62008463190317e-22,4.29397946689322e-21,"SMARCA1"
"1554741_s_at",11.5389529738068,1.64288311886059e-19,6.25685088302379e-19,"FGF7|FGF7P3|FGF7P6"
"204416_x_at",11.4963388425484,4.07771850460486e-19,1.50433422422893e-18,"APOC1"
"218824_at",11.4450592929703,7.42568640195082e-18,2.46076317778933e-17,"PNMA8A"
"242881_x_at",11.3690925207613,1.08071781485262e-18,3.80362982652726e-18,"DUXAP10"
"236262_at",11.3155711425739,6.40344058615011e-18,2.14992709153417e-17,"MMRN2"
"201645_at",11.3044204670355,3.72177556597598e-20,1.47617574909566e-19,"TNC"
"203404_at",11.3018678788615,1.01518970161485e-20,4.21207434464047e-20,"ARMCX2"
"204793_at",11.284390818451,4.33363438513073e-18,1.46787483266264e-17,"GPRASP1"
"1557049_at",11.2827559153836,1.84696538248049e-18,6.3830790080759e-18,"BTBD19"
"207480_s_at",11.2542612478449,5.20117566052482e-21,2.18763734512733e-20,"MEIS2"
"222088_s_at",11.247056126861,1.95723903921051e-19,7.41716081443389e-19,"SLC2A14|SLC2A3"
"227239_at",11.2430203677045,6.09422024622937e-21,2.54230277846789e-20,"FAM126A"
"215617_at",11.2397523238803,1.1638506157537e-17,3.80738310410025e-17,"SPATS2L"
"202499_s_at",11.1485476422451,1.12641405007343e-19,4.31134977665607e-19,"SLC2A3"
"206715_at",11.1354976161122,1.4421214861255e-17,4.68766028717229e-17,"TFEC"
"219631_at",11.10436530444,1.71254180017333e-20,6.95464587815746e-20,"LRP12"
"210942_s_at",11.0497920023243,6.21067048822745e-17,1.93656548217439e-16,"ST3GAL6"
"219584_at",11.0434516029024,7.65359620660861e-18,2.53081118624574e-17,"PLA1A"
"209763_at",10.9779643153931,1.19351159497173e-16,3.66920934116811e-16,"CHRDL1"
"222162_s_at",10.9467626407093,4.31372232186516e-19,1.58757424874413e-18,"ADAMTS1"
"219935_at",10.9456701325075,7.12016310774478e-19,2.5469555415788e-18,"ADAMTS5"
"226435_at",10.9084158820416,6.12252621212453e-19,2.20555003076768e-18,"PAPLN"
"206070_s_at",10.8579420630488,2.18131966942955e-16,6.57401656278867e-16,"EPHA3"
"228186_s_at",10.8446881223715,1.70613347245845e-19,6.48161376261509e-19,"RSPO3"
"204154_at",10.8232061176547,4.24668268444076e-16,1.250321382669e-15,"CDO1"
"206638_at",10.8033501221521,8.26029003320197e-16,2.36383253099668e-15,"HTR2B"
"203153_at",10.8020349619582,2.71676528012697e-19,1.02195765205759e-18,"IFIT1"
"210004_at",10.7967314269482,1.48570571558545e-16,4.54923090112264e-16,"OLR1"
"219574_at",10.7791383988721,2.33077301490899e-17,7.44971500172372e-17,"MARCHF1"
"205404_at",10.7238084342069,3.93498215080308e-18,1.33579992746774e-17,"HSD11B1"
"205226_at",10.7227924843146,4.3635514823941e-18,1.4747455451535e-17,"PDGFRL"
"229560_at",10.7131907008909,3.92440444708338e-18,1.33516960188548e-17,"TLR8"
"228698_at",10.7013632707842,2.13212255757e-17,6.89718829925885e-17,"SOX7"
"238577_s_at",10.6879850795067,2.13538030950274e-17,6.89718829925885e-17,"TSHZ2"
"221933_at",10.6826837341135,1.5222159365343e-16,4.6517217541597e-16,"NLGN4X"
"232267_at",10.679505108968,6.11107116627879e-17,1.9093979501169e-16,"ADGRD1"
"203980_at",10.665824293982,6.16262234070342e-16,1.79372144555455e-15,"FABP4"
"217889_s_at",10.6537104211491,2.07860145691943e-19,7.85762674208308e-19,"CYBRD1"
"226701_at",10.5913468288901,5.64371851928994e-17,1.76698017444435e-16,"GJA5"
"224997_x_at",10.571150204773,1.10930464267795e-18,3.89528763288979e-18,"H19|MIR675"
"220014_at",10.5585623709588,1.17476720300617e-17,3.83490104009051e-17,"PRR16"
"208335_s_at",10.5525735451218,2.46804818564348e-16,7.36565647606269e-16,"ACKR1"
"205269_at",10.5506916147667,6.47084475432781e-19,2.32555476968917e-18,"LCP2"
"210146_x_at",10.5466582719695,2.86593963267183e-16,8.51990985945742e-16,"LILRB2"
"1554547_at",10.5391078551432,3.19472098135977e-16,9.4789105086469e-16,"FAM13C"
"214038_at",10.5252203659121,2.51506202647329e-17,8.02199992193875e-17,"CCL8"
"230836_at",10.5060233859287,2.84030611018886e-18,9.79393841148457e-18,"ST8SIA4"
"215870_s_at",10.4990616362946,7.54055210805913e-16,2.1659634666864e-15,"PLA2G5"
"209875_s_at",10.480409072372,5.38069944192767e-19,1.95209735677518e-18,"SPP1"
"228218_at",10.4557603515734,1.7104170674249e-16,5.1957312107689e-16,"LSAMP"
"1555756_a_at",10.4507362315614,5.6260958193205e-17,1.76507227446305e-16,"CLEC7A"
"236313_at",10.3957236638748,7.37938997580885e-19,2.6335305484763e-18,"CDKN2B"
"205357_s_at",10.3413366714834,4.38766211352613e-15,1.1826603337691e-14,"AGTR1"
"219179_at",10.3195964742069,1.19661604940231e-18,4.19226355065203e-18,"DACT1"
"242625_at",10.3157734149589,6.11377924471952e-18,2.05718593926716e-17,"RSAD2"
"219890_at",10.3049687328293,9.63271224068945e-16,2.74630957923567e-15,"CLEC5A"
"229635_at",10.2953253132681,2.7682777049854e-15,7.63645615555433e-15,"LINC01094"
"205499_at",10.2753739150133,1.63915036407138e-18,5.67769051446443e-18,"SRPX2"
"225987_at",10.2259477411867,1.07363399752522e-16,3.30731116742677e-16,"STEAP4"
"205518_s_at",10.2133874847133,1.91799670620755e-17,6.22129863814355e-17,"CMAHP"
"229578_at",10.2032335137633,2.76517089914851e-15,7.63645615555433e-15,"JPH2"
"201497_x_at",10.1971363903183,5.01006183997907e-16,1.4638176864519e-15,"MYH11"
"210302_s_at",10.1497566119443,3.01528860795254e-15,8.27313057128198e-15,"MAB21L2"
"224941_at",10.1377306604923,3.46183672233823e-17,1.09279835503089e-16,"PAPPA"
"206201_s_at",10.0905496946836,1.08008848695424e-15,3.06793223288859e-15,"MEOX2"
"219947_at",10.0245372434937,1.60487800286866e-16,4.89455821193609e-16,"CLEC4A"
"226847_at",10.0155163997969,2.24580050588554e-16,6.74180504806033e-16,"FST"
"223672_at",10.00414720944,3.80409256875704e-15,1.03263576644805e-14,"SGIP1"
"204337_at",9.90450763069238,2.45735394037386e-16,7.34806422404761e-16,"RGS4"
"229461_x_at",9.89997670089802,3.92891715587429e-15,1.06463224170682e-14,"NEGR1"
"227568_at",9.84036729510973,2.17151911332944e-16,6.57034735673393e-16,"HECTD2"
"229024_at",9.81934124930838,1.03511187745578e-14,2.71827836086587e-14,"RNF150"
"205139_s_at",9.80114955615073,1.63049921074322e-15,4.55528155410196e-15,"UST"
"213894_at",9.76809825879197,1.32067285020289e-14,3.43285251894844e-14,"THSD7A"
"202627_s_at",9.74264132431275,2.3790445177493e-16,7.1278222244113e-16,"SERPINE1"
"205122_at",9.71779528962109,8.9371672448972e-17,2.76420263675507e-16,"MSANTD3-TMEFF1|TMEFF1"
"227006_at",9.71257103718353,1.57239494257321e-14,4.05958964094364e-14,"PPP1R14A"
"204042_at",9.68980947189331,1.81133612842362e-16,5.49139725270606e-16,"WASF3"
"213909_at",9.68137595864657,8.3247297680991e-15,2.19744159913099e-14,"LRRC15"
"202992_at",9.65727736546172,1.19155804662096e-14,3.11536547819402e-14,"C7"
"220122_at",9.65055547551342,2.2044822108562e-16,6.63077065780125e-16,"MCTP1"
"228863_at",9.62914435196467,3.79446281603657e-16,1.12149084389035e-15,"PCDH17"
"204719_at",9.62403343330042,2.23670180744263e-15,6.22616448580849e-15,"ABCA8"
"223620_at",9.57476458042235,2.70478918660173e-16,8.05648296631762e-16,"GPR34"
"204606_at",9.57280641474803,5.22558462352541e-15,1.39622514111997e-14,"CCL21"
"227874_at",9.51317304938847,1.91185859243567e-14,4.90294054442045e-14,"EMCN"
"210176_at",9.46056409179373,2.96451404713706e-15,8.14842191412359e-15,"TLR1"
"204222_s_at",9.43917972307889,4.0723872434863e-16,1.2013150038107e-15,"GLIPR1"
"244313_at",9.35569495815599,8.32455737059674e-14,2.06228112206855e-13,"CR1"
"205237_at",9.35364148911691,4.67205142701904e-14,1.17260831717478e-13,"FCN1"
"212730_at",9.34576295311364,1.44460316203365e-13,3.51619624971943e-13,"SYNM"
"223614_at",9.3285004680216,7.76452337280486e-14,1.92665887905417e-13,"MMP16"
"202274_at",9.32369740927364,2.05902961799748e-14,5.25395724192357e-14,"ACTG2"
"222722_at",9.31125840098396,4.95103242594354e-14,1.23856709871235e-13,"OGN"
"211668_s_at",9.30351403683307,3.96471288960111e-15,1.07243382225783e-14,"PLAU"
"201525_at",9.22334550474915,5.45023953239256e-15,1.44866609793282e-14,"APOD"
"222717_at",9.2164664954441,1.9806547848759e-13,4.77540547345669e-13,"CAVIN2"
"219985_at",9.21307432386276,4.41758418890758e-14,1.11056180512603e-13,"HS3ST3A1"
"231721_at",9.18321529158655,1.19748617332419e-13,2.92867624817785e-13,"JAM3"
"227478_at",9.15676612991427,6.16563117099698e-15,1.63314555757723e-14,"SETBP1"
"204466_s_at",9.15524517874613,1.34073501670987e-15,3.78023077455398e-15,"SNCA"
"204035_at",9.14715988511476,3.79969231430299e-15,1.03263576644805e-14,"SCG2"
"235183_at",9.11744360205532,6.48636805611369e-13,1.51381547163263e-12,"FILIP1"
"205578_at",9.10289643292049,3.58772820576225e-15,9.79110852588592e-15,"ROR2"
"230493_at",9.08246752730084,1.40381113388708e-14,3.64277092539172e-14,"SHISA2"
"223395_at",9.04499248394144,2.46835485464167e-15,6.83372745471319e-15,"ABI3BP"
"210221_at",9.00913050895159,2.7506503084314e-13,6.58007128470074e-13,"CHRNA3"
"209395_at",8.98768226788227,2.39040636904954e-15,6.62991331705588e-15,"CHI3L1"
"218934_s_at",8.98518880324657,4.97327665831854e-13,1.16959855052007e-12,"HSPB7"
"204914_s_at",8.95180811778767,1.9956337826207e-13,4.80395490753505e-13,"SOX11"
"202988_s_at",8.89202947669564,5.29016555966838e-15,1.4110180264551e-14,"RGS1"
"229723_at",8.85602957718007,1.14255396038514e-14,2.99529128998228e-14,"TAGAP"
"205498_at",8.85526772645163,2.00094594901138e-14,5.11427086466848e-14,"GHR"
"209406_at",8.83118311190604,6.2167625846265e-15,1.643845167023e-14,"BAG2"
"204424_s_at",8.77061664467216,1.96575474256234e-12,4.42583898656315e-12,"LMO3"
"223623_at",8.76149360782715,1.38529053696893e-12,3.15138159301551e-12,"ECRG4"
"224911_s_at",8.74729575797132,2.54214043334278e-14,6.43308595611206e-14,"DCBLD2"
"242321_at",8.72760758204804,3.35512545279016e-13,8.00108577604631e-13,"PTPN14"
"209894_at",8.72629798160953,1.85981488007771e-14,4.77747748556874e-14,"LEPR|LEPROT"
"206710_s_at",8.71217839362136,1.27149743870663e-14,3.31065064397933e-14,"EPB41L3"
"202409_at",8.70540028475065,1.19242597663076e-14,3.11536547819402e-14,"IGF2|INS-IGF2"
"202222_s_at",8.69811505686619,1.54251236970885e-12,3.49864657485074e-12,"DES"
"220244_at",8.68528920988538,6.941533165084e-13,1.61511964676954e-12,"LINC00312"
"221911_at",8.65158558442172,1.74740323362479e-14,4.49625941290682e-14,"ETV1"
"205782_at",8.63953523560749,2.37281725632671e-12,5.31108657812309e-12,"FGF7"
"205433_at",8.6353807599447,3.13960651470922e-12,6.95620488280725e-12,"BCHE"
"225575_at",8.62390991330973,9.265390361612e-13,2.13312972084631e-12,"LIFR"
"219434_at",8.62348105564249,1.37104539207894e-13,3.3424689415173e-13,"TREM1"
"209676_at",8.60945952864139,8.7735870433295e-14,2.17000997792205e-13,"TFPI"
"220037_s_at",8.60409441682468,2.67330398731191e-12,5.95753770680428e-12,"LYVE1"
"202037_s_at",8.59288658342315,3.34759887265012e-12,7.40632062720714e-12,"SFRP1"
"205568_at",8.5760884877669,1.13595081571829e-13,2.78708445330882e-13,"AQP9"
"206326_at",8.53607027655117,9.22367940316802e-13,2.12672487443528e-12,"GRP"
"231240_at",8.51786703971588,1.81369435757852e-13,4.40756517690906e-13,"DIO2"
"203423_at",8.5119049219357,1.87422994511024e-13,4.54026273095534e-13,"RBP1"
"219789_at",8.48545279529775,2.68902923965911e-12,5.98387175278794e-12,"NPR3"
"213817_at",8.41036688267439,3.2199963558533e-13,7.69081812919095e-13,"IRAK3"
"227526_at",8.40780997154669,1.76546122937877e-12,3.98073805917364e-12,"CDON"
"220595_at",8.34057633156887,1.35827449722151e-11,2.87623548443447e-11,"PDZRN4"
"204439_at",8.30408159356245,4.20572706260978e-13,9.92136846356792e-13,"IFI44L"
"204471_at",8.26592851613237,1.05009779440856e-11,2.2453906749155e-11,"GAP43"
"213974_at",8.26241548583687,1.28146010028979e-11,2.71733436778901e-11,"ADAMTSL3"
"204844_at",8.23706651447437,6.82252345691511e-13,1.58984526827048e-12,"ENPEP"
"205681_at",8.22720736863265,3.47100914765848e-13,8.2645645490904e-13,"BCL2A1"
"1554195_a_at",8.2246864302271,9.75736153479403e-12,2.09222976327306e-11,"C5orf46"
"226071_at",8.22156326983898,8.95015887162501e-12,1.92453556635644e-11,"ADAMTSL4"
"211276_at",8.21921773112067,2.00709915614373e-11,4.22097363743962e-11,"TCEAL2"
"231964_at",8.20851764215336,2.42134149721987e-13,5.80792460137749e-13,"BICD1"
"226303_at",8.20796234025264,2.53866532312964e-12,5.66573849812169e-12,"PGM5"
"213791_at",8.18999476178953,1.8986911629261e-11,3.99848166497918e-11,"PENK"
"242680_at",8.17885524964794,6.55210693979764e-12,1.42086058425357e-11,"AVPR1A"
"236300_at",8.12243056029403,3.91796802693953e-13,9.25680408834015e-13,"PDE3A"
"210119_at",8.1111359269709,7.69734330412038e-12,1.66449612974693e-11,"KCNJ15"
"209555_s_at",8.01431333661622,7.92983804489263e-12,1.71235289798739e-11,"CD36"
"204597_x_at",8.01234489042023,7.89206862595966e-13,1.82795114468143e-12,"STC1"
"229125_at",7.97420128264002,2.5451335066895e-11,5.29429266133373e-11,"KANK4"
"205475_at",7.95018221554641,3.82464107664799e-11,7.87032995745708e-11,"SCRG1"
"207753_at",7.94421407473081,1.07420124032687e-12,2.46197919003059e-12,"ZNF304"
"231202_at",7.91882026655581,1.16395450186248e-12,2.65972289903203e-12,"ALDH1L2"
"202917_s_at",7.90464889452427,1.16904787314531e-12,2.66738046763855e-12,"S100A8"
"226304_at",7.88055303891854,2.84993812627647e-11,5.91227001535132e-11,"HSPB6"
"207317_s_at",7.85140390773597,9.70455300648663e-11,1.9653003509168e-10,"CASQ2"
"219791_s_at",7.84359413547041,8.68212498307619e-11,1.76290893224001e-10,"HAND2-AS1"
"1553102_a_at",7.82435149070718,2.21754410864896e-11,4.65076716485144e-11,"CCDC69"
"204563_at",7.82301781660857,3.70307846589743e-12,8.1574289658834e-12,"SELL"
"203876_s_at",7.78445321890206,2.40300972342624e-11,5.01911035002124e-11,"MMP11"
"223987_at",7.74080764803762,8.64928547872408e-11,1.75857318299158e-10,"CHRDL2"
"228821_at",7.73566231137163,1.79592085894873e-11,3.79248942765587e-11,"ST6GAL2"
"205907_s_at",7.73085023745771,1.42262660282334e-10,2.85083943576247e-10,"OMD"
"214453_s_at",7.68936981275671,5.62102825212218e-12,1.22589661737878e-11,"IFI44"
"205624_at",7.64768778864719,3.91707909324204e-12,8.61644840769191e-12,"CPA3"
"225540_at",7.59810613385088,2.02120540600401e-11,4.24480860986576e-11,"MAP2"
"205381_at",7.5946771445458,1.19003682736626e-11,2.52697140457385e-11,"LRRC17"
"232060_at",7.58990480390109,1.17674077326712e-11,2.50220850537772e-11,"ROR1"
"228885_at",7.58890358906926,2.18763157875812e-10,4.33842480191538e-10,"MAMDC2"
"223374_s_at",7.58876406665336,1.14995723655398e-11,2.4520675893651e-11,"B3GALNT1"
"223599_at",7.58227093156899,2.81994448893189e-11,5.85798509166178e-11,"TRIM6"
"206211_at",7.58194956949224,9.81770544534656e-11,1.98558877633099e-10,"SELE"
"206898_at",7.56395107098938,2.11522312332833e-10,4.20026796603849e-10,"CDH19"
"213994_s_at",7.47340432999961,1.02800928404006e-11,2.20123386554591e-11,"SPON1"
"205428_s_at",7.45149337525311,1.81523080907104e-10,3.61864370922885e-10,"CALB2"
"209795_at",7.43305620557222,3.74448242377009e-11,7.72614904419408e-11,"CD69"
"229390_at",7.34787036749069,2.38450784720045e-11,4.98726982795613e-11,"CALHM6"
"219872_at",7.34279362030998,3.78944959068758e-11,7.80840824137642e-11,"GASK1B"
"203881_s_at",7.33001619203343,7.23415201931686e-11,1.47673156554322e-10,"DMD"
"204364_s_at",7.30754235784187,2.77885791509845e-10,5.46842091004591e-10,"REEP1"
"235086_at",7.29986243955084,2.20670484841163e-10,4.36494201927417e-10,"THBS1"
"1555938_x_at",7.28687899071901,3.71758525270959e-10,7.26899491941046e-10,"VIM"
"228365_at",7.24305616948124,3.2734133203921e-11,6.77242674800041e-11,"CPNE8"
"228133_s_at",7.23083060425659,8.91797658495679e-10,1.71310190107514e-09,"MYH11|NDE1"
"228504_at",7.2207988749539,1.07412208942164e-09,2.05524723944764e-09,"SCN7A"
"219908_at",7.21493726200502,2.22732128416327e-10,4.40003727232771e-10,"DKK2"
"220301_at",7.12599448302089,3.71739845860113e-10,7.26899491941046e-10,"CCDC102B"
"232298_at",7.112983537808,1.50715319582377e-09,2.86996460548034e-09,"MBNL1-AS1"
"229947_at",7.06834862390499,2.71563163539181e-10,5.3508777783589e-10,"PI15"
"228390_at",7.02750538248982,1.01352661530998e-10,2.04172269478892e-10,"RAB30"
"227870_at",7.01581105317356,3.46075834382366e-10,6.78414983917288e-10,"IGDCC4"
"224901_at",6.99931910790233,1.190934030121e-10,2.38967234615367e-10,"SCD5"
"209469_at",6.99866312007789,2.82136369663713e-09,5.30000959454165e-09,"GPM6A"
"206439_at",6.97756754067718,2.23436347775027e-09,4.21801539387874e-09,"EPYC"
"231166_at",6.95635640788323,1.52852107801099e-10,3.0550466976956e-10,"GPR155"
"209613_s_at",6.90372729916377,8.13127150975822e-10,1.5698583457049e-09,"ADH1B"
"1560396_at",6.87546541193228,1.56699381728843e-09,2.98020811710384e-09,"KLHL6"
"220005_at",6.87046164784522,7.07102960666406e-10,1.36688716260135e-09,"P2RY13"
"213537_at",6.84543337667699,3.84492539080033e-10,7.49882901059275e-10,"HLA-DPA1"
"219230_at",6.82811037053542,1.58297059603785e-09,3.006858539124e-09,"TMEM100"
"207957_s_at",6.82019416047296,9.76966741987475e-10,1.87435599245968e-09,"PRKCB"
"228731_at",6.79257931645113,4.69491670609205e-10,9.14493317687905e-10,"GUCY1A2"
"221031_s_at",6.72768679516401,6.47871789248524e-10,1.25555912574619e-09,"APOLD1"
"210078_s_at",6.68640693347858,5.6061274563757e-09,1.04543010179186e-08,"KCNAB1"
"204533_at",6.6647854296705,8.8412624266211e-10,1.7004990923564e-09,"CXCL10"
"209465_x_at",6.59060487668375,6.47993013794486e-09,1.2025179443871e-08,"PTN"
"228407_at",6.5334808378179,1.06899765511051e-08,1.95302554889522e-08,"SCUBE3"
"205884_at",6.42867190098755,4.10739116994831e-09,7.6969594629019e-09,"ITGA4"
"227084_at",6.42035094765042,7.5009405912305e-09,1.38527624187864e-08,"DTNA"
"204584_at",6.36168408504533,9.50784943431024e-09,1.74748109050768e-08,"L1CAM"
"223435_s_at",6.32533046030294,4.48897687724353e-09,8.40174034114896e-09,"PCDHA@|PCDHA1|PCDHA10|PCDHA11|PCDHA12|PCDHA13|PCDHA2|PCDHA3|PCDHA4|PCDHA5|PCDHA6|PCDHA7|PCDHA8|PCDHA9|PCDHAC1|PCDHAC2"
"204422_s_at",6.28285807615293,1.43559339198352e-08,2.61032480181326e-08,"FGF2"
"219836_at",6.26848598797439,2.59746455169856e-08,4.65113243117017e-08,"ZBED2"
"206577_at",6.17736115229387,3.8495496043066e-08,6.85309353975977e-08,"VIP"
"235004_at",6.15872313450734,2.09510728268628e-08,3.76922356027344e-08,"RBM24"
"203001_s_at",6.14193855057606,2.99044038426407e-08,5.34855634148164e-08,"STMN2"
"229623_at",6.1179090286822,1.48678685749434e-08,2.7002024659832e-08,"TMEM150C"
"234994_at",6.11775508032918,1.1719614721286e-08,2.13349942191307e-08,"TMEM200A"
"227458_at",6.10972096670535,2.58950531136044e-08,4.64230987317662e-08,"CD274"
"223235_s_at",6.10877021666115,1.11263516184305e-08,2.03032709509142e-08,"SMOC2"
"203915_at",6.09965791925148,1.54397067914094e-08,2.80073354237534e-08,"CXCL9"
"205898_at",6.06622306966551,4.04803220124897e-08,7.18427420076216e-08,"CX3CR1"
"213131_at",6.06044394799205,1.85246974014831e-08,3.35240091272702e-08,"OLFM1"
"221207_s_at",6.05469060948766,1.91307951088305e-08,3.45392067354004e-08,"NBEA"
"227769_at",6.04239696505323,2.15639721252713e-08,3.87493442767492e-08,"GPR27"
"236028_at",5.96552494537153,6.63188902139261e-08,1.16438326740276e-07,"IBSP"
"226587_at",5.89792257014431,4.00766156695534e-08,7.12628322765229e-08,"PWAR6|SNRPN"
"229649_at",5.88926337054269,4.56131087657266e-08,8.06393412474912e-08,"NRXN3"
"205943_at",5.88505588626289,3.20800097696312e-08,5.73097957494813e-08,"TDO2"
"215268_at",5.85298573343819,7.84174779266175e-08,1.37051551033849e-07,"KIAA0754"
"213418_at",5.81599516667313,5.59327886979166e-08,9.86556445812331e-08,"HSPA6"
"213895_at",5.78748407447793,7.31659601684973e-08,1.28166001164725e-07,"EMP1"
"210674_s_at",5.78052729942886,6.23257268944589e-08,1.09805164413598e-07,"PCDHA1|PCDHA10|PCDHA11|PCDHA12|PCDHA13|PCDHA2|PCDHA3|PCDHA4|PCDHA5|PCDHA6|PCDHA7|PCDHA8|PCDHA9|PCDHAC1|PCDHAC2"
"229435_at",5.76696550986003,6.61877421729778e-08,1.16341484806922e-07,"GLIS3"
"217388_s_at",5.72956010198528,6.76870888169951e-08,1.1870439058284e-07,"KYNU"
"205207_at",5.71501469832864,1.46703590162666e-07,2.53502479163705e-07,"IL6"
"227812_at",5.70330049306336,8.87441222396609e-08,1.54746299714033e-07,"TNFRSF19"
"205242_at",5.66278908858226,1.50074196642024e-07,2.59034492738376e-07,"CXCL13"
"227148_at",5.61152119210892,2.35678842740774e-07,4.0281386319978e-07,"PLEKHH2"
"229339_at",5.60394176263716,4.91315423491577e-07,8.24784992725443e-07,"MYOCD"
"230372_at",5.59623320717182,2.28461124408493e-07,3.91684189775368e-07,"HAS2"
"229400_at",5.50464123325883,2.68376654441848e-07,4.56538508833855e-07,"HOXD10"
"204591_at",5.50184381577814,2.68780108169317e-07,4.567173647139e-07,"CHL1"
"232099_at",5.47292435457145,2.66108276578233e-07,4.53183283027001e-07,"PCDHB16"
"201849_at",5.45822733704574,2.35742143322667e-07,4.0281386319978e-07,"BNIP3"
"206067_s_at",5.45067221302993,3.30924965048101e-07,5.61069901980778e-07,"WT1"
"206157_at",5.44670967594619,7.76774845968267e-07,1.29688363050972e-06,"PTX3"
"210933_s_at",5.44609259797491,2.49713104066395e-07,4.25735815507406e-07,"FSCN1"
"205514_at",5.38734776577116,3.74094454484421e-07,6.3146483992905e-07,"ZNF415"
"232315_at",5.32151628285432,5.87656553256141e-07,9.8435687421789e-07,"ZNF880"
"205501_at",5.31858915127916,4.37865837405941e-07,7.36673183591754e-07,"PDE10A"
"213371_at",5.30374084432258,1.71595497198662e-06,2.81276987378106e-06,"LDB3"
"205792_at",5.29218352709172,1.7118828465295e-06,2.80910250593425e-06,"CCN5"
"1553613_s_at",5.24925151997756,7.41420240341446e-07,1.24056217263689e-06,"FOXC1"
"231940_at",5.20368937291997,7.50705865592574e-07,1.2547278168365e-06,"ZNF529"
"210133_at",5.1896641233472,9.42079870723245e-07,1.56604156577339e-06,"CCL11"
"221974_at",5.16701700590419,1.12218704911811e-06,1.85938135519462e-06,"IPW|PWARSN|SNORD107|SNORD115-13|SNORD115-26|SNORD115-7|SNORD116-22|SNORD116-28|SNORD116-4|SNRPN"
"219685_at",5.15603824399376,1.62899771832283e-06,2.67883513077578e-06,"TMEM35A"
"236121_at",5.13041959054593,1.51010217636545e-06,2.48866139075943e-06,"OR51E2"
"242767_at",5.08777552494601,3.24801557904004e-06,5.22892939170378e-06,"LMCD1"
"219288_at",5.02176888429072,1.75220728223575e-06,2.86912229850581e-06,"C3orf14"
"241762_at",5.02098024248061,2.66315619345174e-06,4.30548271612948e-06,"FBXO32"
"221491_x_at",5.01210281163385,1.92879481074293e-06,3.15153132897271e-06,"HLA-DQB1|HLA-DRB1|HLA-DRB3|HLA-DRB4|HLA-DRB5|HLA-DRB6"
"235201_at",4.95486971915573,2.52104662755941e-06,4.08868896906086e-06,"FOXP2"
"227742_at",4.94305287476678,2.30423177150191e-06,3.74498815516924e-06,"CLIC6"
"238462_at",4.93923201528768,3.25447138077874e-06,5.23381899576917e-06,"UBASH3B"
"210164_at",4.91643222636322,3.08004845860374e-06,4.96897174933859e-06,"GZMB"
"219764_at",4.87057973474952,5.39288214085147e-06,8.60949171808508e-06,"FZD10"
"213438_at",4.85738560803533,5.23256901799253e-06,8.36227887948493e-06,"NFASC"
"210873_x_at",4.85029139708688,6.13983241595728e-06,9.7713964956659e-06,"APOBEC3A|APOBEC3A_B"
"206595_at",4.81006164512833,8.36024962024331e-06,1.31818147977266e-05,"CST6"
"200930_s_at",4.79007495171521,1.01513972730454e-05,1.5940296641059e-05,"VCL"
"206858_s_at",4.73553608407038,5.65055249587647e-06,9.00207686908103e-06,"HOXC6"
"219454_at",4.73245745572891,6.7381645360034e-06,1.07124921127946e-05,"EGFL6"
"205157_s_at",4.69260353346335,1.07395029393701e-05,1.68120439674598e-05,"JUP|KRT17"
"232067_at",4.60705501213115,1.36259091984505e-05,2.11360354435944e-05,"FAXC"
"206207_at",4.6067705649731,1.41112329154333e-05,2.18666979691583e-05,"CLC"
"206224_at",4.596302548968,1.30358090574478e-05,2.03029742288429e-05,"CST1"
"203680_at",4.58867602354998,1.02635932410511e-05,1.60999602992308e-05,"PRKAR2B"
"228933_at",4.57893988755569,1.06759639891804e-05,1.67296835900054e-05,"NHS"
"225288_at",4.5637801265967,1.16924321730551e-05,1.82664425070891e-05,"COL27A1"
"220794_at",4.52674073001731,2.31666149328284e-05,3.53972928764075e-05,"GREM2"
"213479_at",4.52038096694655,1.5057697981174e-05,2.32861975850276e-05,"NPTX2"
"205767_at",4.48369867057898,1.70044639202885e-05,2.62173557522273e-05,"EREG"
"206552_s_at",4.48363168161077,2.11919615516923e-05,3.24448931356409e-05,"TAC1"
"202746_at",4.45449405593036,1.77695493319504e-05,2.736939640565e-05,"ITM2A"
"1552848_a_at",4.44996507399623,2.44357873928915e-05,3.72621419307938e-05,"PTCHD1"
"236429_at",4.43330290871206,2.35913480402976e-05,3.60103228810525e-05,"ZNF83"
"229228_at",4.37778932746778,2.56401247476706e-05,3.89821558974019e-05,"CREB5"
"205549_at",4.25212971380288,5.88780723706627e-05,8.82882750239811e-05,"PCP4"
"226869_at",4.10963455518855,6.97896566107125e-05,0.000104343715108399,"MEGF6"
"205863_at",4.10578314174125,0.000102852824066291,0.00015258495508284,"S100A12"
"201117_s_at",4.08011351562302,7.94843715364724e-05,0.000118491307519318,"CPE"
"215175_at",4.07661713220721,9.70748407706639e-05,0.000144152843084274,"PCNX1"
"213832_at",4.07233693573339,8.16529453722449e-05,0.00012160569977131,"KCND3"
"209598_at",4.05432724719429,8.65479646822027e-05,0.000128645566920828,"PNMA2"
"231148_at",4.0283417992345,0.000116198251209219,0.000171883596716246,"IGFL2"
"225915_at",3.9756805460718,0.000134963480131709,0.000198681815463122,"CAB39L"
"223503_at",3.93459360820721,0.000141799500544859,0.000208144808565847,"TMEM163"
"219772_s_at",3.9319880372465,0.00018161145887644,0.00026531215986625,"SMPX"
"205442_at",3.91799763162319,0.000142901391991002,0.000209561332507877,"MFAP3L"
"215078_at",3.87607135108235,0.000212845338365609,0.000308877927049997,"SOD2|SOD2-OT1"
"205220_at",3.86096852845724,0.000193632918593424,0.000282066601680811,"HCAR3"
"209278_s_at",3.84795494554708,0.000208335700438284,0.000302907841757848,"TFPI2"
"228737_at",3.83388083514976,0.000214178281779931,0.00031051794451238,"TOX2"
"205910_s_at",3.82665538792151,0.000251879006242133,0.000362431164057054,"CEL"
"220133_at",3.8049905198586,0.000238411722908599,0.000344022947948223,"ODAM"
"213906_at",3.79759512966486,0.000266571734833582,0.00038285302629476,"MYBL1"
"1555564_a_at",3.77627694839935,0.000241781674462795,0.000348557197365857,"CFI"
"227892_at",3.65595185074388,0.000409593185494423,0.000584424200365296,"PRKAA2"
"229152_at",3.58325477775612,0.000543419303447189,0.000769634554650921,"FDCSP"
"214023_x_at",3.57108921946961,0.000525023174904881,0.000744268963684605,"TUBB2B"
"228233_at",3.56528521171741,0.000544444028358387,0.000770373204636498,"FREM1"
"213831_at",3.48488605863153,0.000715405683312019,0.00100577236101993,"HLA-DQA1"
"226344_at",3.40534613387564,0.000897289622857122,0.00125571335703314,"ZMAT1"
"209792_s_at",3.38632685209632,0.000986664472122648,0.00137826944052899,"KLK10"
"204714_s_at",3.37365005439943,0.00100435470188661,0.00140170195860383,"F5"
"205064_at",3.34410801970273,0.0012845487345349,0.00177976842766781,"SPRR1B"
"209125_at",3.33565193237285,0.00132318554709094,0.00183164292278141,"KRT6A"
"229288_at",3.31013567024799,0.00137091307239296,0.0018959963087928,"EPHA7"
"235798_at",3.27055844122907,0.00138750076458348,0.00191720547886038,"TMEM170B"
"206924_at",3.18311383051985,0.00199522888135521,0.00273228570425297,"IL11"
"229768_at",3.18110999457027,0.00189394430634925,0.00259590754970519,"OR51E1"
"206167_s_at",3.13375213733234,0.00213454101943041,0.00291784133995353,"ARHGAP6"
"203434_s_at",3.12174060047602,0.0024891533310755,0.00337845190591896,"MME"
"228562_at",3.1173239554011,0.00226934847394356,0.00309394530544576,"ZBTB10"
"244056_at",3.10941070008438,0.00267690414355275,0.00362364300953073,"SFTA2"
"209292_at",3.09112784930119,0.00243657727419758,0.00331002644791171,"ID4"
"205488_at",3.07768552000407,0.00259103355548941,0.00351050652518078,"GZMA"
"205110_s_at",3.00631815696134,0.00317019728250071,0.00427627492467716,"FGF13"
"226145_s_at",2.97203470773579,0.00360237397125439,0.00484103851854496,"FRAS1"
"206857_s_at",2.96396077258457,0.00360469229989631,0.00484103851854496,"FKBP1B"
"212094_at",2.96174146833474,0.00388840563380557,0.00521291508349942,"PEG10"
"230425_at",2.92648733978987,0.0041460311401695,0.0055485783877618,"EPHB1"
"204259_at",2.91783630027423,0.00426603857880375,0.00570419656257515,"MMP7"
"227123_at",2.90847623516201,0.0045400898207387,0.00604950175417837,"RAB3B"
"216560_x_at",2.90152040068427,0.00450372523981408,0.0060167568430675,"IGLC1"
"1553808_a_at",2.8788279355871,0.00502846861181847,0.00668279986518582,"NKX2-3"
"1555867_at",2.81141257390674,0.00591735621965304,0.00783691381685882,"GNG4"
"204784_s_at",2.80602814517219,0.00578113427184216,0.00766977172460168,"MLF1"
"218804_at",2.76420641038666,0.00662015266276977,0.00874499890138094,"ANO1"
"206757_at",2.76138140160443,0.0069796994099895,0.00918823714247113,"PDE5A"
"204268_at",2.69275069636826,0.00840210464752499,0.0110322660509097,"S100A2"
"203548_s_at",2.66856982325181,0.00858561952284306,0.0112635676859235,"LPL"
"221618_s_at",2.61612014826742,0.0100412519864955,0.0131170279789459,"TAF9B"
"209728_at",2.59766525367945,0.0108169455613862,0.0141182810353642,"HLA-DRB4"
"207412_x_at",2.58419348841056,0.0115238241321642,0.0150025295462104,"CELP"
"204614_at",2.56713400059563,0.0122929096675783,0.0159495294076799,"SERPINB2"
"234764_x_at",2.52852357676988,0.0128575785249603,0.016653936312787,"CKAP2|IGLC1|IGLJ3|IGLV@|IGLV1-44"
"223761_at",2.52053242804864,0.0135917007431081,0.0175602479643025,"FGF19"
"226789_at",2.48114937258448,0.0144598357161635,0.0186346872739447,"EMB"
"206884_s_at",2.45979148597382,0.0157516327609279,0.020282379946998,"SCEL"
"230831_at",2.44524716108721,0.0158816928359886,0.0204326653209231,"FRMD5"
"211643_x_at",2.43756730341469,0.0163295960843452,0.0209912775861734,"IGK|IGKC"
"214012_at",2.40804121004481,0.0175333274106949,0.0225008585630964,"ERAP1"
"1558930_at",2.40172396238389,0.0183510171232857,0.0235108010173643,"LINC00460"
"228293_at",2.37055980998712,0.0192295453736909,0.0245746527271459,"DEPDC7"
"205860_x_at",2.36107612577165,0.0198447857795134,0.0253186391903625,"FOLH1|FOLH1B"
"204733_at",2.35983678234702,0.0202388518988397,0.0257356164926276,"KLK6"
"232752_at",2.35677306872234,0.020015703949003,0.0255154394220846,"LOXL1-AS1"
"1552767_a_at",2.35313788759316,0.0201617391249217,0.0256802184694302,"HS6ST2"
"209480_at",2.35047854518604,0.0204902379110235,0.0260336549724291,"HLA-DQB1"
"218990_s_at",2.33539958157267,0.021914865998068,0.0277975640787424,"SPRR3"
"206859_s_at",2.32099089427219,0.0233343388040387,0.0295246881892424,"PAEP"
"241803_s_at",2.31847518432608,0.0221476437769875,0.0280642109546548,"LOC102723678|LOC102723709"
"229975_at",2.27875731740681,0.024294882624803,0.0306387687797145,"BMPR1B"
"217258_x_at",2.27155083638698,0.0250233494497746,0.0315314798416502,"IGLV1-44"
"228262_at",2.26899580577401,0.0255074746731575,0.0320886965691078,"MAP7D2"
"204602_at",2.25563450395837,0.0265588294652421,0.033383881700563,"DKK1"
"202376_at",2.22256523091086,0.0282443241696411,0.0354152828040299,"SERPINA3"
"211798_x_at",2.18805941527969,0.0306874604564888,0.0383217797380786,"IGLJ3"
"211633_x_at",2.15644692614039,0.033284016499065,0.0414628391050191,"IGHG1"
"206513_at",2.12331897354089,0.0356729136754027,0.0444026266967817,"AIM2"
"214974_x_at",2.10604497455087,0.0374491525551733,0.0465001237323361,"CXCL5"
"211637_x_at",2.06279630646006,0.0415573273627531,0.05139278529271,"IGH|IGHA1|IGHA2|IGHD|IGHG1|IGHG3|IGHG4|IGHM|IGHV3-23|IGHV4-31"
"214146_s_at",2.05975388042005,0.0416504982348008,0.0514664348647943,"PPBP"
"214240_at",2.02508682485853,0.0449413542910929,0.0553541539981201,"GAL"
"222771_s_at",1.99036186826151,0.0487813784440777,0.0598911711290161,"MYEF2"
"211506_s_at",1.98166351937665,0.0498545306239695,0.0611107176823838,"CXCL8"
"216510_x_at",1.92355806476911,0.0569133457658914,0.0695405685295927,"IGHA1|IGHG1|IGHM|IGHV3-23|IGHV4-31"
"244774_at",1.90641542762884,0.0594866970597207,0.072569030436998,"PHACTR2"
"228592_at",1.84279694988305,0.0681861250251747,0.0827202515162778,"MS4A1"
"218963_s_at",1.84190127112872,0.068417308690915,0.0828793506762296,"KRT23"
"211122_s_at",1.80683120587667,0.0733643276655257,0.0887209997282147,"CXCL11"
"216491_x_at",1.8062391610972,0.0736813926315476,0.089034105855485,"IGHM"
"1554997_a_at",1.77249964849009,0.0791586265655012,0.0954515488387187,"PTGS2"
"237625_s_at",1.76233763615955,0.0811163113117947,0.0975562235807994,"IGKC"
"230147_at",1.74817496915265,0.0841290260555783,0.100941644898974,"F2RL2"
"209016_s_at",1.74400428938209,0.0849840369326805,0.101887674662438,"KRT7"
"233011_at",1.73221429226769,0.0868574771718658,0.10405226725362,"ANXA1"
"205544_s_at",1.71588709816385,0.0895371454486182,0.107178553308706,"CR2"
"239381_at",1.70089589086679,0.0922565040740118,0.110347427919775,"KLK7"
"226913_s_at",1.64194795215451,0.103494708101835,0.12302049542229,"SOX8"
"206336_at",1.63610292950545,0.105010051683159,0.124628208625517,"CXCL6"
"217546_at",1.62875031160101,0.105795321736883,0.125462926087659,"MT1M"
"216541_x_at",1.61893424734512,0.108616529352556,0.128708905912355,"IGHG1|IGHM"
"204475_at",1.60509995459389,0.11145593133661,0.131971408257038,"MMP1"
"213172_at",1.58391655363968,0.116121666205241,0.137283606919092,"TTC9"
"213680_at",1.55416525704248,0.123165310806214,0.145171477901667,"KRT6B"
"228038_at",1.55249862117263,0.123172926057652,0.145171477901667,"SOX2"
"209735_at",1.53361025417917,0.127717380464523,0.150065471597225,"ABCG2"
"203820_s_at",1.52037742956206,0.131158932491486,0.153873046470855,"IGF2BP3"
"206515_at",1.50633266956478,0.134722084211025,0.15787356464707,"CYP4F3"
"214973_x_at",1.50088160086139,0.136083246260373,0.158919488958529,"IGHD"
"203819_s_at",1.49408997810608,0.137879342772881,0.160894263555854,"IGF2BP3|MALSU1"
"1558686_at",1.45276121202115,0.148792533476609,0.173232980040067,"MPV17L"
"208121_s_at",1.43813228953246,0.152941859531117,0.177523871828764,"PTPRO"
"206204_at",1.43260448929796,0.154741469619106,0.179340794842431,"GRB14"
"204885_s_at",1.4089389721203,0.161433158496597,0.18667233055762,"MSLN"
"238755_at",1.40137132646102,0.164135226948744,0.189367771257368,"RASSF10"
"217281_x_at",1.36131649749497,0.176150609850247,0.202771867429118,"IGH|IGHA1|IGHA2|IGHG1|IGHG2|IGHG3|IGHM|IGHV4-31"
"205054_at",1.33646092144907,0.184352638490457,0.211577128582376,"NEB"
"214455_at",1.33150031381662,0.186059348405823,0.213375926898364,"H2BC10|H2BC4|H2BC6|H2BC7|H2BC8"
"1569040_s_at",1.31495292418427,0.191398280499386,0.219006552649148,"ANKRD36BP2"
"241703_at",1.29336533138312,0.19820658868971,0.226627548382335,"RUNDC3B"
"226492_at",1.26585595610951,0.207804780103387,0.236894354682268,"SEMA6D"
"223779_at",1.231215763067,0.221001500625104,0.251190272796611,"AFAP1-AS1"
"229797_at",1.2240844273373,0.223238777873239,0.253544932436149,"MCOLN3"
"205625_s_at",1.22358378157661,0.223912413655851,0.254121501339591,"CALB1"
"213796_at",1.20472443046087,0.231072251458452,0.26185907992812,"SPRR1A"
"204273_at",1.18733433996088,0.237361540762714,0.268787366056002,"EDNRB"
"209591_s_at",1.12860696238837,0.261480410042085,0.294791242838315,"BMP7"
"204260_at",1.12226588723735,0.264271818832003,0.297719024747459,"CHGB"
"227318_at",1.09805884230734,0.274342122142891,0.308609690669189,"TMEM178B"
"219529_at",1.05502472663337,0.293865630596418,0.328640087978901,"CLIC3"
"206785_s_at",1.05213947647645,0.295167870742162,0.32985548182938,"KLRC1|KLRC2"
"242517_at",1.02298429597418,0.309167754568478,0.345248601199373,"KISS1R"
"230135_at",0.964777829479264,0.336572396319886,0.373671021585022,"HHIP"
"228988_at",0.95612880862698,0.340759342397299,0.37777158089085,"ZNF711"
"206624_at",0.946704597074755,0.345901630291017,0.38319493196494,"USP9Y"
"210143_at",0.936008360361205,0.352148980374621,0.389597186408149,"ANXA10"
"1559584_a_at",0.933735295428964,0.352189749176275,0.389597186408149,"C16orf54"
"209459_s_at",0.923696913225682,0.357498228059685,0.394614121960619,"ABAT"
"215033_at",0.921334821357576,0.358870454218067,0.395843418881744,"TM4SF1"
"231009_at",0.917880294164354,0.361124774429364,0.398043217891545,"PLA2G12B"
"228010_at",0.915100631793534,0.362199120726648,0.398843697764693,"PPP2R2C"
"213674_x_at",0.883115919060364,0.378842981280074,0.415672378331176,"IGHD|IGHG1"
"203815_at",0.882790411291506,0.379019359993678,0.415672378331176,"GSTT1"
"235057_at",0.871851238707797,0.385244418577949,0.421894996311044,"ITCH"
"224590_at",0.864578595656812,0.389097333100047,0.425809876323211,"XIST"
"209869_at",0.853802907881074,0.394761010744403,0.431391225874148,"ADRA2A"
"207457_s_at",0.83280895173755,0.406905292765693,0.443712253008744,"LY6G6D|LY6G6F"
"241716_at",0.814828046520395,0.416896505233365,0.453637917208445,"HSPD1"
"205048_s_at",0.795413247115368,0.427957252161779,0.465012457813828,"PSPH|PSPHP1"
"205001_s_at",0.782621335577053,0.435741387672027,0.472531364079327,"DDX3Y"
"207057_at",0.781682994753742,0.435802930163298,0.472531364079327,"SLC16A7"
"237974_at",0.738178919723643,0.46191345951262,0.498723206286193,"ABHD12B|MIR4454"
"235075_at",0.734515522898019,0.464023614812296,0.500295883294102,"DSG3"
"210643_at",0.730429051513058,0.466566233537379,0.502683253726761,"TNFSF11"
"236892_s_at",0.709925375858899,0.479071780214272,0.513626677526646,"HOXB-AS3"
"218625_at",0.702121302942555,0.483874159432552,0.518412412939984,"NRN1"
"210675_s_at",0.697515038558682,0.48697827964931,0.521118297896816,"PTPRR"
"219614_s_at",0.697286682035601,0.487080525336606,0.521118297896816,"SLC6A20"
"208025_s_at",0.686269730588162,0.493913311787346,0.527691053975176,"HMGA2"
"203913_s_at",0.665366283229708,0.507113287452259,0.540285624975232,"HPGD"
"223565_at",0.656419418470576,0.512879024212986,0.544911718299848,"MZB1"
"224367_at",0.641924625081737,0.522043825646275,0.552731049145538,"BEX2"
"216733_s_at",0.627407982133973,0.531478364545781,0.562331289647264,"GATM"
"235683_at",0.623483173647002,0.534060135151176,0.564672698146719,"SESN3"
"202888_s_at",0.617678272471221,0.537852033030754,0.568289484175352,"ANPEP"
"234608_at",0.608290975073307,0.544451806553435,0.574469824833432,"LAMA3"
"206569_at",0.581956224029535,0.561905191124978,0.590443958553425,"IL24"
"1552511_a_at",0.580254532103386,0.563015867474998,0.590800063813723,"CPA6"
"202203_s_at",0.578929403633412,0.563819849124584,0.591238485623109,"AMFR"
"228462_at",0.51434964364218,0.607892793733168,0.633118277010531,"IRX2"
"1554411_at",0.46315735161683,0.644121517531267,0.667219244479275,"CTNNB1"
"204720_s_at",0.460743645535674,0.645747122350433,0.66845087513084,"DNAJC6"
"219109_at",0.446369545509971,0.656077067054412,0.6782268667524,"SPAG16"
"205328_at",0.428706439077266,0.668948475862956,0.690600213449889,"CLDN10"
"219140_s_at",0.422750611016457,0.673177286389956,0.694497591282361,"RBP4"
"203999_at",0.350913653638287,0.726213246416064,0.74569582847954,"SYT1"
"232068_s_at",0.329170305114132,0.742561648894298,0.760951729891011,"TLR4"
"206108_s_at",0.324765563707796,0.745966986268266,0.763930070887434,"SRSF6"
"1557285_at",0.300519140590636,0.764298159846224,0.781656969087888,"AREG"
"223883_s_at",0.267430710391634,0.789685630606705,0.80600580030591,"STK31"
"230563_at",0.261190488947804,0.794356767803471,0.810233318792214,"RASGEF1A"
"1569225_a_at",0.22292773539445,0.82394566419879,0.836512474727021,"SCML4"
"203889_at",0.183467658555605,0.854727371411565,0.865604892730687,"SCG5"
"214476_at",0.10431726380581,0.917140665029156,0.924994965849564,"TFF2"
"205267_at",0.0905010793138213,0.928063449519611,0.934165115854388,"POU2AF1"
"226766_at",0.0412243049808407,0.967184252448011,0.969083174409624,"ROBO2"
"206700_s_at",0.0334466992753001,0.973379317392046,0.974652540828792,"KDM5D"
"221690_s_at",-0.0205220512328236,0.983658601369292,0.983658601369292,"NLRP2"
"213472_at",-0.0449075543748956,0.964262732496606,0.966788633564049,"HNRNPH1"
"238429_at",-0.0465216546596688,0.962965393349796,0.966120587954481,"TMEM71"
"205295_at",-0.0745360325871082,0.940698348231196,0.94563963962046,"CKMT2"
"229927_at",-0.102142218545005,0.91884632053418,0.926105145976188,"LEMD1"
"210387_at",-0.110863871438263,0.911912355848283,0.920328158736797,"H2BC11|H2BC8|NCALD"
"209937_at",-0.110978392982774,0.911847867600454,0.920328158736797,"TM4SF4"
"209994_s_at",-0.11786634780786,0.906363983309545,0.915936144189382,"ABCB1|ABCB4"
"1554726_at",-0.132118790793624,0.895095411150254,0.905146020126182,"ZNF655"
"223710_at",-0.183287606072813,0.854862572050163,0.865604892730687,"CCL26"
"214382_at",-0.19992706782403,0.841857418838283,0.853565369696299,"UNC93A"
"206307_s_at",-0.204667117857001,0.838236849725492,0.850457665294717,"FOXD1"
"216627_s_at",-0.235790961662783,0.814032043875844,0.827545192014554,"B4GALT1"
"239579_at",-0.237391983177987,0.812725160692378,0.826765595362147,"EPHX4"
"235515_at",-0.246487725044125,0.805700865695229,0.82016491049162,"SYNE4"
"203798_s_at",-0.308327125714505,0.758402074546465,0.776145438589998,"VSNL1"
"211478_s_at",-0.333264878892487,0.739518281093307,0.75834058161678,"DPP4"
"237737_at",-0.348915921446659,0.727748773951889,0.74677169766779,"ANKRD20A12P|LOC101060632|LOC101927345"
"230964_at",-0.386194469075156,0.700056454552273,0.719319752966128,"FREM2"
"205174_s_at",-0.402681751247752,0.687834842058558,0.708664295552929,"QPCT"
"205828_at",-0.430150315439888,0.667938841154982,0.690023188804506,"MMP3"
"231341_at",-0.456935638005152,0.648491643797504,0.670838315306742,"SLC35D3"
"205278_at",-0.47219168880261,0.637739654239247,0.661503665745452,"GAD1"
"207016_s_at",-0.490932763684143,0.62429239017928,0.648433954792726,"ALDH1A2"
"236840_at",-0.523093989140087,0.601917007630388,0.627321265270337,"C12orf56"
"219471_at",-0.527755780393741,0.598614484594557,0.62430434326585,"RUBCNL"
"209821_at",-0.546108452524692,0.585913635662126,0.612309744845539,"IL33"
"221796_at",-0.556186158832261,0.579056109470947,0.60555662814209,"NTRK2"
"216039_at",-0.566785615771271,0.571911715633959,0.598494078356521,"GABRA2"
"1559633_a_at",-0.567238137923173,0.571584090481219,0.598494078356521,"CHRM3"
"242271_at",-0.574445127631961,0.56696272855633,0.594127267227749,"SLC26A9"
"227875_at",-0.580115358158452,0.562843559519283,0.590800063813723,"KLHL13"
"207397_s_at",-0.58173364528481,0.561791332144634,0.590443958553425,"HOXD13"
"205319_at",-0.583559020920253,0.560797694937055,0.590090220583252,"PSCA"
"227919_at",-0.64841474750688,0.517896789904852,0.548826171531408,"UCA1"
"214043_at",-0.654323504042079,0.514044034412969,0.545770746661759,"PTPRD"
"206641_at",-0.659698183023037,0.510637021119622,0.542906443982042,"TNFRSF17"
"1558217_at",-0.662809346036923,0.508609004230701,0.541126049671441,"SLFN13"
"200952_s_at",-0.663995531673181,0.507855379445721,0.54069999021655,"CCND2"
"202966_at",-0.673464402746173,0.501846808562087,0.535046980437712,"CAPN6"
"216248_s_at",-0.680203963578656,0.49776105272152,0.531431082089712,"NR4A2"
"205541_s_at",-0.692482859543795,0.48985173241859,0.523717180400043,"GSPT2"
"204437_s_at",-0.718193114722248,0.474056792353421,0.508962797400482,"FOLR1"
"219250_s_at",-0.727781184027682,0.46833982377282,0.503531088620918,"FLRT3"
"227449_at",-0.728328001228324,0.46775339811646,0.503254007390232,"EPHA4"
"1557257_at",-0.735228246739706,0.463807757036403,0.500295883294102,"BCL10"
"220004_at",-0.754057700423069,0.452158807643148,0.488535733593267,"DDX43"
"222196_at",-0.771518391384593,0.441898739116702,0.478463203385906,"LOC389906"
"211207_s_at",-0.812902824892673,0.418012405470972,0.454529114187541,"ACSL6"
"205680_at",-0.82651745946911,0.410228597491595,0.446699845490492,"MMP10"
"201909_at",-0.827281424193327,0.409807511284601,0.446558932225427,"RPS4Y1"
"202286_s_at",-0.847931776989846,0.398157275821507,0.434482387229314,"TACSTD2"
"210258_at",-0.848051465640432,0.397954526067826,0.434482387229314,"RGS13"
"229638_at",-0.880567576081736,0.38017011726877,0.416635969605217,"IRX3"
"1565358_at",-0.896518460199644,0.371645639574577,0.408170354511246,"RARA"
"209993_at",-0.906359607951175,0.36655900425313,0.402872818026951,"ABCB1"
"222774_s_at",-0.929354354694561,0.354610484128878,0.39170898355073,"NETO2"
"225660_at",-0.961560239058588,0.338033242255107,0.375020937603311,"SEMA6A"
"223642_at",-0.978500740477676,0.32973219324648,0.366342516589522,"ZIC2"
"226926_at",-1.01746613365856,0.311084832403995,0.347136208754021,"DMKN"
"227194_at",-1.05443562935271,0.293707888407807,0.328640087978901,"FAM3B"
"211149_at",-1.0658102384094,0.288643415314144,0.323272179111891,"UTY"
"1559827_at",-1.08302448980717,0.281039576439261,0.315217283171069,"LINC00960"
"227474_at",-1.10854889147466,0.269696324398625,0.303606671069334,"PAX8-AS1"
"230760_at",-1.14643597279432,0.253938769730504,0.286499820528667,"ZFY"
"216992_s_at",-1.16417639995859,0.246661133711772,0.278699775433743,"GRM8"
"238029_s_at",-1.17627474353706,0.241605043888976,0.273232209998255,"SLC16A14"
"226809_at",-1.17664998908775,0.241643639671873,0.273232209998255,"FAR2P2|FAR2P3"
"229831_at",-1.24195105759249,0.216732540419357,0.246521188248169,"CNTN3"
"204410_at",-1.24604366549022,0.215232516042473,0.244997012684778,"EIF1AY"
"227510_x_at",-1.26900425007953,0.207133962815905,0.23630558649117,"MALAT1"
"220065_at",-1.32232583694634,0.188347178283472,0.215676536987281,"TNMD"
"240042_at",-1.32688652551443,0.186911253142579,0.21419246149797,"FIBCD1"
"230650_at",-1.3481515323136,0.180023911936162,0.20707483784693,"SLCO5A1"
"229839_at",-1.38447249246931,0.168822092427836,0.194482034241548,"SCARA5"
"244631_at",-1.38745900789855,0.167653384722124,0.193281123501184,"LOC389834"
"204932_at",-1.40544323362559,0.162538039318001,0.187808104298762,"TNFRSF11B"
"231152_at",-1.41990696897176,0.158104072667142,0.182960948793193,"INO80D"
"203698_s_at",-1.43002459466078,0.155072716156253,0.179588750707431,"FRZB"
"206502_s_at",-1.44453211017025,0.151021608603368,0.175561186614849,"INSM1"
"223949_at",-1.4486104979476,0.150418613086632,0.174993082549874,"TMPRSS3"
"242871_at",-1.47986433564297,0.141348320432602,0.16481666304822,"PAQR5"
"229309_at",-1.50216718237646,0.13550140001382,0.158481774958868,"ADRB1"
"1552283_s_at",-1.50348017954134,0.135348907321381,0.158424447331067,"ZDHHC11|ZDHHC11B"
"203946_s_at",-1.50550864974929,0.1347751463055,0.15787356464707,"ARG2"
"229963_at",-1.54314649022154,0.125324292219843,0.147480008753712,"BEX5"
"229667_s_at",-1.55123815412674,0.123499219518982,0.145444080833508,"HOXB8"
"209811_at",-1.57477496030697,0.117943052846312,0.139221907407635,"CASP2"
"220051_at",-1.57997122542779,0.116546063776276,0.13767903058756,"PRSS21"
"206755_at",-1.59157197561323,0.114208607805713,0.135126258539835,"CYP2B6"
"220110_s_at",-1.63535319988089,0.104677117320333,0.124329454319185,"NXF3"
"235104_at",-1.64333379520083,0.10289883661104,0.12250242523445,"ERAP2"
"232321_at",-1.66767078145594,0.0979259525471564,0.116763733138393,"MUC17"
"210145_at",-1.67302353032989,0.0967363060103028,0.1155251829187,"PLA2G4A"
"1566764_at",-1.67399165704526,0.0972940090358139,0.116100645232916,"MACC1"
"204653_at",-1.8018102531641,0.0742721658433339,0.0896771970868645,"TFAP2A"
"204105_s_at",-1.84094401116178,0.0678767829227982,0.0824102733186392,"NRCAM"
"226907_at",-1.84797943075162,0.0669517310074199,0.0813516668034601,"PPP1R14C"
"227450_at",-1.8778081561149,0.0627643526869487,0.076445683344247,"ERP27"
"209631_s_at",-1.89643559052482,0.0600981625995778,0.0732565978821286,"GPR37|SEL1L2"
"215894_at",-2.02202288226216,0.0453953399701063,0.0558683806223736,"PTGDR"
"205844_at",-2.06414264924564,0.0409930872223951,0.0507359874999894,"VNN1"
"213880_at",-2.09942629555849,0.0380949857499562,0.0472254438730226,"LGR5"
"219732_at",-2.10696899191619,0.037028186533798,0.046014735051335,"PLPPR1"
"222257_s_at",-2.10849763576469,0.0369422893520286,0.045945284320029,"ACE2"
"206104_at",-2.15827126988576,0.0327342014921035,0.0408111258016372,"ISL1"
"228033_at",-2.18473124694517,0.0311490589126476,0.0388665111615839,"E2F7"
"232252_at",-2.19362881371842,0.0300153580325619,0.0375437198920361,"DUSP27"
"1555731_a_at",-2.19668530742867,0.0305874105187346,0.038228020819741,"AP1S3"
"231120_x_at",-2.20324282574212,0.0293131275012725,0.036695337861364,"PKIB"
"213110_s_at",-2.21049255206126,0.0289189381315075,0.0362315010469215,"COL4A5"
"213714_at",-2.22529068633357,0.0279176925786184,0.0350344158507088,"CACNB2"
"205044_at",-2.27105622555024,0.0250848813915571,0.0315830208967714,"GABRP"
"206619_at",-2.2836565813796,0.0240075588646437,0.0303263800509649,"DKK4"
"206354_at",-2.36566166764691,0.0196005779960707,0.0250279273661253,"SLCO1B3"
"205229_s_at",-2.37941346607868,0.0188196101930108,0.0240708631624891,"COCH"
"211766_s_at",-2.38451714221719,0.0185432735281109,0.0237372506450984,"PNLIPRP2"
"206442_at",-2.51121555831428,0.0133172306088168,0.017220168971367,"SEMG1"
"206172_at",-2.52827799146312,0.0126409081148469,0.0163871552276296,"IL13RA2"
"221132_at",-2.54888728844719,0.0119709392007373,0.0155449600647403,"CLDN18"
"236918_s_at",-2.55820429143024,0.0116505238796573,0.0151417250082812,"LRRC34"
"231899_at",-2.56132300669471,0.0115603141248058,0.015037248024705,"ZC3H12C"
"230784_at",-2.57239886172303,0.0112104785979535,0.0146070150923122,"PRAC1"
"208343_s_at",-2.57948181171124,0.0110105845312691,0.0143587776127538,"NR5A2"
"1555890_at",-2.65271528338772,0.008964780248963,0.0117308363770618,"ARHGEF35-AS1|OR2A1-AS1|OR2A20P|OR2A9P"
"213094_at",-2.66243755473885,0.00888897632460362,0.0116415934584843,"ADGRG6"
"205916_at",-2.67226340343318,0.00864654510298854,0.0113337847197564,"S100A7"
"232618_at",-2.70763913930127,0.00773585591447121,0.0101661763133523,"TXLNGY"
"206291_at",-2.75199637715596,0.00683729891537894,0.00902405572365961,"NTS"
"209309_at",-2.75445222898794,0.00690322829463392,0.00909538943122593,"AZGP1"
"222925_at",-2.79533831117115,0.00596787990997751,0.00789699580136177,"DCDC2"
"205543_at",-2.88067027530909,0.00465927446182345,0.00619752319813353,"HSPA4L"
"239272_at",-2.88887027365288,0.00453633462375867,0.00604950175417837,"MMP28"
"212592_at",-2.88909821464004,0.00453639554455554,0.00604950175417837,"JCHAIN"
"203649_s_at",-2.89115118133254,0.0045841896701149,0.0061029516390834,"PLA2G2A"
"238021_s_at",-2.94888848408978,0.00389308752172525,0.0052146255430983,"CRNDE"
"223541_at",-2.97788925362281,0.00352656954767982,0.00474444461994535,"HAS3"
"232737_s_at",-2.98541986360007,0.00338162248011845,0.00455745071924414,"ENPP3"
"243945_at",-2.98835077413699,0.00339444986275667,0.00457071481080076,"TRIM2"
"224412_s_at",-3.01683615536648,0.00307582383796752,0.00415263341792617,"TRPM6"
"1566465_at",-3.02404815303927,0.00302219254876228,0.00408382770710949,"KCNK1"
"225619_at",-3.04210267041184,0.00284040460911271,0.00384157195808441,"SLAIN1"
"207558_s_at",-3.09338003068273,0.00253312841915982,0.00343509265698289,"PITX2"
"220639_at",-3.09811282329702,0.00239254001759869,0.00325308949106891,"TM4SF20"
"205343_at",-3.10893361652758,0.0023015078440847,0.0031320964527055,"SULT1C2"
"206693_at",-3.11553531830644,0.00228825794886028,0.00311683533781591,"IL7"
"206784_at",-3.13018854353668,0.00215187964994662,0.00293891859417331,"AQP8"
"215591_at",-3.14702240952056,0.00206286525233244,0.00282238311110005,"SATB2"
"210397_at",-3.19140320898694,0.00180012265645661,0.00247395672085734,"DEFB1"
"244107_at",-3.19283901813416,0.00181172990393148,0.00248767576943417,"DSC3"
"206023_at",-3.20236940916641,0.00174974838622468,0.0024068865941689,"NMU"
"220310_at",-3.21015897315465,0.00166844275073851,0.00229710957857973,"TUBAL3"
"223952_x_at",-3.237457760279,0.00156768042066917,0.00216421886748828,"DHRS9"
"224221_s_at",-3.2432248075599,0.00162668368548336,0.00224163161338886,"VAV3"
"210861_s_at",-3.29300346848691,0.0012727796270913,0.00176505942851158,"CCN6"
"212850_s_at",-3.31898348053438,0.00124871502404605,0.00173325720926065,"LRP4"
"230573_at",-3.33822771514665,0.00110065662738516,0.00153191390593334,"SGK2"
"235102_x_at",-3.35629234980306,0.00105632666820872,0.00147155243769567,"SNORD3A|SNORD3B-1|SNORD3B-2|SNORD3C|SNORD3D"
"227794_at",-3.36763253811512,0.0010104621906385,0.00140894136053511,"GLYATL1"
"235763_at",-3.40800977494294,0.000875668844012031,0.00122657731032243,"SLC44A5"
"205927_s_at",-3.46468428131992,0.000784647942880325,0.00110109624248376,"CTSE"
"233059_at",-3.47692882279093,0.000687156230720007,0.000967834580710516,"KCNJ3"
"1552797_s_at",-3.48386737588637,0.000693322828764715,0.000975622473197406,"PROM2"
"237086_at",-3.51043672058277,0.000615077538235,0.000867112072778808,"FOXA1"
"227803_at",-3.53294529483844,0.000573110094603877,0.000809438703725586,"ENPP5"
"213456_at",-3.54037079725002,0.000570870930364484,0.000807020678105286,"SOSTDC1"
"206254_at",-3.5634335227153,0.000510133033467068,0.000723831023390251,"EGF"
"1554781_at",-3.64492728142506,0.000383632744918417,0.000547893407154941,"MGC32805"
"211372_s_at",-3.65686385008409,0.000380300789599917,0.000543641931724998,"IL1R2"
"205886_at",-3.67395930178269,0.000353347674817714,0.000505584383313944,"REG1B"
"1569532_a_at",-3.77048768794417,0.000253052944944168,0.00036377845888218,"LCN15"
"223509_at",-3.78369982310642,0.000244898381885706,0.000352718177485434,"CLDN2"
"1553296_at",-3.79509548018785,0.000225829887008818,0.000326483056667139,"ADGRG7"
"228494_at",-3.79808659809479,0.000228129833212842,0.000329496957215907,"PPP1R9A"
"223721_s_at",-3.80125655094381,0.000222751190814788,0.000322336553059962,"DNAJC12"
"205199_at",-3.82710257573814,0.00021265371019116,0.000308877927049997,"CA9"
"207033_at",-3.84434570983336,0.000188605467617163,0.000275004734211311,"CBLIF"
"233604_at",-3.86523261170519,0.000183112841440733,0.000267250486411594,"C3orf85"
"1555963_x_at",-3.8718624736571,0.000170210383218346,0.000249132023620734,"B3GNT7"
"210118_s_at",-3.89197177719388,0.000159502640424,0.000233682815779086,"IL1A"
"231250_at",-3.95461903080309,0.000137186310529576,0.000201760078214007,"LOC101060400"
"1555745_a_at",-3.97655831647922,0.000123621050073666,0.000182335094087459,"LYZ"
"232054_at",-3.98592891634617,0.000110857326976938,0.000164141748164113,"LINC02339|PCDH20"
"208383_s_at",-4.00051592374604,0.00011849027501418,0.000175104836917673,"PCK1"
"205950_s_at",-4.06626015037096,8.41824347463183e-05,0.000125251027790683,"CA1"
"227048_at",-4.11100405154692,7.02720471889908e-05,0.000104962443167166,"LAMA1"
"1552455_at",-4.12903593279792,6.68980463704785e-05,0.000100118190609191,"PRUNE2"
"223704_s_at",-4.13495593318878,6.29016009885184e-05,9.42293063732111e-05,"DMRT2"
"206286_s_at",-4.1675655321756,7.58724822909695e-05,0.000113217125133991,"TDGF1|TDGF1P3"
"227702_at",-4.20918945945869,4.74359779598217e-05,7.14105036936943e-05,"CYP4X1"
"236741_at",-4.21316314234852,4.66820709307132e-05,7.03740826596954e-05,"WDR72"
"206367_at",-4.28686741614967,3.79279265544973e-05,5.72659324999363e-05,"REN"
"1569582_at",-4.31667244455507,3.10702454473354e-05,4.70044918773424e-05,"AADACP1"
"219795_at",-4.37997751637962,2.8586380179376e-05,4.33324238164601e-05,"SLC6A14"
"1553486_a_at",-4.39103384616373,2.64474399096234e-05,4.01696731166999e-05,"C17orf78"
"1556834_at",-4.41171398740973,2.13941998645298e-05,3.27217981944007e-05,"DSG2-AS1"
"207052_at",-4.44805023928466,2.0271430690195e-05,3.11289472283737e-05,"HAVCR1"
"204818_at",-4.45435413918022,1.9264202824644e-05,2.96119422937048e-05,"HSD17B2"
"215657_at",-4.48834862174652,1.6021156996901e-05,2.47262009700155e-05,"SLC26A3"
"214385_s_at",-4.50457432455096,1.47710966815123e-05,2.2866075853787e-05,"MUC5AC"
"224355_s_at",-4.54101993490851,1.32454907317227e-05,2.05667812477358e-05,"MS4A8"
"209752_at",-4.57063773135566,1.3176327765154e-05,2.04801602116251e-05,"REG1A"
"203896_s_at",-4.6032745062448,1.31402590363899e-05,2.0444854252757e-05,"PLCB4"
"238878_at",-4.61125821857184,1.17298252974733e-05,1.83061799494715e-05,"ARX"
"213558_at",-4.61266259534955,9.35489556562434e-06,1.47046664383684e-05,"PCLO"
"232707_at",-4.65469664819878,8.80403040060558e-06,1.38672536453983e-05,"ISX"
"239697_x_at",-4.67476335969599,8.22481839144157e-06,1.29816463477289e-05,"C3orf67"
"205825_at",-4.69466412420046,6.81921645824894e-06,1.08188812410146e-05,"PCSK1"
"211357_s_at",-4.70516772585385,7.6127985562581e-06,1.20280645919826e-05,"ALDOB"
"39248_at",-4.70810520562379,6.78855805189515e-06,1.07814132546177e-05,"AQP3"
"238017_at",-4.73572903318351,7.36730611776021e-06,1.16642664594528e-05,"SDR16C5"
"1555772_a_at",-4.85714566164126,3.38230900128909e-06,5.42800322953208e-06,"CDC25A"
"1553319_at",-4.86526931517588,3.21123841688914e-06,5.17516422763923e-06,"OXGR1"
"232530_at",-4.87730990278209,3.28227392340559e-06,5.27299200077016e-06,"PLD1"
"208473_s_at",-4.90420794615587,3.40596437118211e-06,5.46024235840819e-06,"GP2"
"207529_at",-4.91829836016995,2.55008159232806e-06,4.13140202947541e-06,"DEFA5"
"207200_at",-4.96836182876698,2.64230779153239e-06,4.27629305373793e-06,"OTC"
"235210_s_at",-4.98028157149238,2.00666238106952e-06,3.26482476664977e-06,"SBSPON"
"1552367_a_at",-4.98345474906815,1.97702308014018e-06,3.22688948368295e-06,"SCIN"
"219970_at",-5.00046855480389,1.98077372782265e-06,3.22956823993235e-06,"GIPC2"
"207217_s_at",-5.00922011520612,2.95643583707371e-06,4.77458150480997e-06,"NOX1"
"203691_at",-5.0207785930393,1.99916582288864e-06,3.25608816472607e-06,"PI3"
"203892_at",-5.04161954983662,1.51324678491032e-06,2.4911621803201e-06,"WFDC2"
"206340_at",-5.09393957739448,1.21936954440688e-06,2.01604187093622e-06,"NR1H4"
"210147_at",-5.09472251876738,1.18110042213284e-06,1.954880806795e-06,"ART3"
"206268_at",-5.09889358658997,1.78106130146492e-06,2.91325304758845e-06,"LEFTY1"
"230645_at",-5.15721892508893,9.11198463807025e-07,1.51800309911704e-06,"FRMD3"
"1555019_at",-5.18422380531085,8.0009154480746e-07,1.33435746742944e-06,"CDHR1"
"205311_at",-5.25576270869445,9.39887830589923e-07,1.56409594416649e-06,"DDC"
"217564_s_at",-5.32948731101735,5.0719520665457e-07,8.50510253437181e-07,"CPS1"
"207245_at",-5.34087792806014,3.93043410594797e-07,6.61990606843381e-07,"UGT2B17"
"220075_s_at",-5.3524051027565,3.92137663810935e-07,6.61192470588703e-07,"CDHR5"
"205799_s_at",-5.37513083357133,3.66873609794435e-07,6.19959709266313e-07,"SLC3A1"
"235048_at",-5.395824347851,3.45329159684918e-07,5.84843964023905e-07,"FAM169A"
"220446_s_at",-5.4168072188683,3.07809567161689e-07,5.22457258674663e-07,"CHST4"
"238378_at",-5.51820855461176,1.9065688107437e-07,3.27604584651919e-07,"GPRIN3"
"219937_at",-5.52094457801638,2.49648270235807e-07,4.25735815507406e-07,"TRHDE"
"237515_at",-5.53466575909765,1.78120486166092e-07,3.06407263281221e-07,"TLCD4"
"205513_at",-5.54470178596766,2.34780090019134e-07,4.02067469596526e-07,"TCN1"
"215703_at",-5.57202568183349,1.39026152086042e-07,2.40507388523989e-07,"CFTR"
"205654_at",-5.58372169128371,1.37158702117405e-07,2.37545218259895e-07,"C4BPA"
"236219_at",-5.61806184604699,1.26330616949656e-07,2.19039835277376e-07,"SLC35G1"
"205009_at",-5.63277276037798,1.67161811215034e-07,2.87879339674035e-07,"TFF1"
"205472_s_at",-5.64737576361439,1.65330402888649e-07,2.8504599867401e-07,"DACH1"
"232277_at",-5.68399225325788,8.60639715560174e-08,1.50243945783652e-07,"SLC28A3"
"220834_at",-5.72896543669695,7.75128206019647e-08,1.35625289533266e-07,"MS4A12"
"206209_s_at",-5.74349643641977,9.7321587448273e-08,1.69317443617393e-07,"CA4"
"205815_at",-5.74397425467967,6.30603637975346e-08,1.10971743648305e-07,"REG3A"
"236430_at",-5.85594713202251,4.04965946130486e-08,7.18427420076216e-08,"TMED6"
"1554190_s_at",-5.86109223521284,5.05766479899187e-08,8.93112434516327e-08,"PLEKHS1"
"220432_s_at",-5.88433548350714,4.53577812736915e-08,8.02806510173662e-08,"CYP39A1"
"209301_at",-5.96364241954049,2.30814114028846e-08,4.14274804898198e-08,"CA2"
"213953_at",-5.97957909742425,9.96513811138478e-08,1.73173966498639e-07,"KRT20"
"207814_at",-5.98885746369608,1.89160674522543e-08,3.41918527383722e-08,"DEFA6"
"207392_x_at",-6.00062716470833,2.08255293437602e-08,3.75104534415258e-08,"UGT2B15"
"220812_s_at",-6.12513725978249,1.04848849964732e-08,1.91784455550783e-08,"HHLA2"
"213432_at",-6.12551477769759,1.04030153947766e-08,1.90742713406023e-08,"MUC5B"
"203908_at",-6.15985361176851,8.58651120823603e-09,1.58194328036214e-08,"SLC4A4"
"1552870_s_at",-6.22629548548703,6.71525813897788e-09,1.24468041292677e-08,"AXDND1"
"231693_at",-6.22782010683288,6.02365722265711e-09,1.12056126462795e-08,"FABP1"
"241994_at",-6.23022306745391,5.90515557989078e-09,1.09985318647358e-08,"XDH"
"228338_at",-6.28239641106235,5.59716143328757e-09,1.04503099443454e-08,"COLCA2"
"242093_at",-6.29873246278809,5.10552820247248e-09,9.54403379485393e-09,"SYTL5"
"230318_at",-6.35405694871428,3.98867175264789e-09,7.48364761434303e-09,"SERPINA1"
"204304_s_at",-6.37728148327248,1.04204769283235e-08,1.90834332263915e-08,"PROM1"
"206262_at",-6.46133691104207,1.8429176446805e-09,3.49196400248248e-09,"ADH1C"
"207259_at",-6.49832667145179,1.80198970656454e-09,3.41864466016148e-09,"ANKRD40CL"
"220723_s_at",-6.55959848525387,1.27627427315082e-09,2.43637894288517e-09,"CWH43"
"203860_at",-6.59699775039192,1.07527958118717e-09,2.05524723944764e-09,"PCCA"
"206149_at",-6.61552875684037,8.54127247785972e-10,1.64693805586943e-09,"CHP2"
"212768_s_at",-6.6447225948969,2.19417830503029e-09,4.14726788271775e-09,"OLFM4"
"240110_at",-6.7018991437712,5.50591714300839e-10,1.06838518960023e-09,"HMGCS2"
"242626_at",-6.78703558247004,4.77790963524933e-10,9.2947644873783e-10,"SAMD5"
"229070_at",-6.8799999699394,2.19573609441302e-10,4.34886411454895e-10,"ADTRP"
"238143_at",-6.92757994246535,1.9770224044531e-10,3.93604850613485e-10,"LYPD8"
"207074_s_at",-7.04233826657904,1.02274599876297e-10,2.05758754810263e-10,"SLC18A1"
"206000_at",-7.05687196416591,2.66284324864759e-10,5.25362501762818e-10,"MEP1A"
"206664_at",-7.10559146586386,7.21629070203256e-11,1.47505221159037e-10,"SI"
"208170_s_at",-7.12335016393324,9.89545149272489e-11,1.99603902969194e-10,"TRIM31"
"208126_s_at",-7.12341339639636,8.499687409662e-11,1.73045497662134e-10,"CYP2C18"
"206561_s_at",-7.1494202502527,9.53619610664336e-11,1.93376374030079e-10,"AKR1B10"
"236225_at",-7.17506954456272,5.58385534391366e-11,1.14750101094387e-10,"GGT6"
"227629_at",-7.19837874679725,6.2643482290945e-11,1.28389787667251e-10,"PRLR"
"232504_at",-7.25785371579301,3.3663418098477e-11,6.95528921845726e-11,"MIR146A"
"229254_at",-7.29291970811011,2.51524692365615e-11,5.23924223145247e-11,"MFSD4A"
"207249_s_at",-7.3180313938039,9.83825597962496e-11,1.98712004021185e-10,"SLC28A2"
"241547_at",-7.33358144986738,2.32504483979829e-11,4.8695535564038e-11,"A1CF"
"205476_at",-7.42760377689317,1.76765029711524e-11,3.73794558685558e-11,"CCL20"
"208250_s_at",-7.54360771699229,8.32267931176673e-12,1.79212686727354e-11,"DMBT1"
"206797_at",-7.60799770788873,5.07422701366112e-12,1.10822276147149e-11,"NAT2"
"220030_at",-7.65511878689249,1.87737347419953e-11,3.95903414462739e-11,"STYK1"
"1552502_s_at",-7.70317589823953,5.6392499906693e-12,1.22812115728516e-11,"RHBDL2"
"206199_at",-7.71356037076149,4.23072875217201e-12,9.29303546567482e-12,"CEACAM7"
"220026_at",-7.72500207037363,2.74928851028875e-12,6.10908666074321e-12,"CLCA4"
"205554_s_at",-7.7387801280482,2.31991185650188e-12,5.20027094041636e-12,"DNASE1L3"
"226654_at",-7.76206298703527,3.52237044193269e-12,7.77053191152585e-12,"MUC12"
"239319_at",-7.78555869205625,2.05710709502728e-12,4.62471506973093e-12,"LINC00992"
"205776_at",-7.87941236817661,1.4937992498837e-12,3.39318494298507e-12,"FMO5"
"205979_at",-7.90327020544112,9.72119743092082e-13,2.23470769770868e-12,"SCGB2A1"
"1562921_at",-7.92098024264863,8.61487273372845e-13,1.99235198721122e-12,"EP300-AS1"
"227735_s_at",-7.95972367803864,9.09230592817758e-13,2.09959583349018e-12,"C10orf99"
"215125_s_at",-7.96766176134986,1.26209515305621e-12,2.87539833233491e-12,"UGT1A1|UGT1A10|UGT1A3|UGT1A4|UGT1A5|UGT1A6|UGT1A7|UGT1A8|UGT1A9"
"220376_at",-7.98459819012273,2.08962248528301e-12,4.69092672282739e-12,"LRRC19"
"204179_at",-7.99458155549598,7.45693772545931e-13,1.7297835844967e-12,"MB"
"242098_at",-8.00535999777522,5.97868277753014e-13,1.39746005074788e-12,"ARFGEF3"
"244385_at",-8.0118636215665,5.37923838857766e-13,1.26119662678597e-12,"KDM4C"
"210619_s_at",-8.06817076001546,3.86329678070739e-13,9.14174245944825e-13,"HYAL1"
"220234_at",-8.10382697055575,3.75088491167615e-13,8.88948111420461e-13,"CA8"
"227506_at",-8.12034947501701,3.72325865028062e-13,8.83768836213896e-13,"SLC16A9"
"214156_at",-8.21534462336411,1.88152067899786e-13,4.55072379075154e-13,"MYRIP"
"207601_at",-8.22123301965536,1.87234229772975e-13,4.54026273095534e-13,"SULT1B1"
"1554436_a_at",-8.27476247033855,2.4470400404212e-12,5.46922379837205e-12,"REG4"
"1568603_at",-8.37909782173576,1.2150235596671e-13,2.9668278626002e-13,"CADPS"
"1568634_a_at",-8.4330879155617,5.52015164727697e-14,1.37868714061681e-13,"LRRC66"
"238103_at",-8.52824030249359,4.45472278838341e-13,1.04925855215615e-12,"SMIM31"
"230244_at",-8.63969204218079,3.53056725351663e-14,8.90493981076435e-14,"SNORC"
"210377_at",-8.96426304294655,2.91684491392484e-15,8.03181576118512e-15,"ACSM3"
"214261_s_at",-8.96480487952986,3.18273818736121e-15,8.70137886580359e-15,"ADH6"
"232481_s_at",-9.04882847144017,2.03535701139529e-15,5.67601381502038e-15,"SLITRK6"
"204213_at",-9.04966826683689,3.08180496951979e-15,8.44050699165438e-15,"PIGR"
"221305_s_at",-9.16164463390438,1.42060014234836e-15,3.9907134274043e-15,"UGT1A1|UGT1A3|UGT1A5|UGT1A8|UGT1A9"
"231439_at",-9.25454789295173,9.84946888529677e-16,2.8028878928233e-15,"LRATD1"
"228241_at",-9.4254253700798,1.12442042782591e-13,2.7632225922977e-13,"AGR3"
"214142_at",-9.52062471156409,3.46976603775995e-16,1.02750711872543e-15,"ZG16"
"204895_x_at",-9.55015404611566,6.1981385263129e-16,1.80063568952278e-15,"MUC4"
"208063_s_at",-9.66801347743607,4.80541825293339e-17,1.5138056265928e-16,"CAPN9"
"217590_s_at",-9.83953499556216,2.15109496689691e-17,6.93331872488246e-17,"TRPA1"
"241031_at",-9.9932261092358,2.29422073272533e-17,7.36363090524629e-17,"C2CD4A"
"223970_at",-10.0072141201466,7.10445666201959e-18,2.36454851077217e-17,"RETNLB"
"220645_at",-10.0560203315634,5.53365204477467e-18,1.8660839825e-17,"NXPE4"
"1552834_at",-10.1816382274156,3.56518097212583e-18,1.22109442244399e-17,"B3GNT6"
"219727_at",-10.3382589171193,3.3530155177775e-18,1.15100151518326e-17,"DUOX2"
"219955_at",-10.4771595197575,4.59268106114607e-19,1.67813716100588e-18,"L1TD1"
"228004_at",-10.9668560772665,3.20153087932519e-20,1.2797764428843e-19,"LINC00261"
"238846_at",-11.004975546067,3.44431610591589e-19,1.27681548623662e-18,"TNFRSF11A"
"223597_at",-11.0977608049692,1.28476127758793e-20,5.28755246233097e-20,"ITLN1"
"240856_at",-11.1155496412576,1.61012568217221e-20,6.55612345586612e-20,"FFAR4"
"1559538_at",-11.3707035693559,4.70334104474943e-21,1.99468563421368e-20,"GAU1"
"221874_at",-11.4957579811477,5.08963531649198e-21,2.14662029464166e-20,"KIAA1324"
"227226_at",-12.0694355445455,1.89878808976047e-22,8.8360017186118e-22,"MRAP2"
"207214_at",-12.2122467093841,7.67065158413572e-22,3.43385016821982e-21,"SPINK4"
"230615_at",-12.292619764974,5.88602422082973e-23,2.89758941546312e-22,"DUOXA2"
"1553828_at",-12.5186017055264,8.61718481495261e-24,4.47217286498049e-23,"NXPE1"
"242601_at",-12.5863443757738,5.03317932898199e-24,2.67562415023313e-23,"HEPACAM2"
"238750_at",-12.7252878640803,1.08605591216437e-24,6.11305735854284e-24,"CCL28"
"220622_at",-13.1346067365202,1.469233470189e-25,8.99758577143741e-25,"LRRC31"
"210107_at",-13.2744461407883,2.9029608858388e-25,1.70284793724874e-24,"CLCA1"
"204673_at",-13.4069664246303,1.76587962083503e-24,9.79551340397981e-24,"MUC2"
"227725_at",-13.4923395469676,2.82044436544213e-23,1.43458482508037e-22,"ST6GALNAC1"
"203240_at",-16.2191139075554,4.6907054739414e-29,3.98970560033571e-28,"FCGBP"
